weight_g,screen_inches,announced_year,main_camera_mp,ram_gb,storage_gb,battery_mah,has_nfc,has_5g,wlan_dual_band,has_gps,card_slot,brand_price_tier,price_range
196.0,6.67,2020.0,16.0,4.0,128.0,5000.0,0,0,1,1,1,168.15964292355375,0
188.0,6.52,2020.0,8.0,4.0,64.0,5000.0,0,0,0,1,1,159.03447210743803,0
164.0,6.19,2018.0,16.0,3.0,32.0,4000.0,0,0,0,1,1,161.76428579241616,0
164.0,6.19,2018.0,8.0,2.0,32.0,4000.0,0,0,0,1,1,164.52964292355372,0
130.0,4.5,2018.0,5.0,1.0,8.0,2000.0,0,0,0,1,1,159.03447210743803,0
170.0,5.2,2018.0,13.0,3.0,32.0,5000.0,0,0,0,1,1,168.15964292355375,0
170.0,5.2,2018.0,8.0,2.0,16.0,5000.0,0,0,0,1,1,164.52964292355372,0
170.0,5.2,2017.0,5.0,1.0,16.0,5000.0,0,0,0,1,1,167.6627820247934,0
141.0,5.2,2017.0,13.0,4.0,64.0,2730.0,0,0,0,1,1,160.78061230814643,2
150.0,5.0,2017.0,5.0,3.0,16.0,2500.0,0,0,0,1,1,168.15964292355375,0
130.0,4.5,2017.0,5.0,1.0,8.0,2000.0,0,0,0,1,1,164.52964292355372,0
120.0,4.0,2017.0,5.0,1.0,8.0,1600.0,0,0,0,1,1,161.76428579241616,0
160.0,5.7,2017.0,13.0,3.0,32.0,2980.0,0,0,0,1,1,167.6627820247934,0
157.0,5.2,2017.0,13.0,3.0,32.0,3000.0,0,0,0,1,1,168.15964292355375,0
150.0,5.0,2017.0,8.0,2.0,16.0,2500.0,0,0,0,1,1,159.03447210743803,0
160.0,5.0,2017.0,13.0,3.0,16.0,3050.0,0,0,0,1,1,159.03447210743803,1
162.0,5.5,2017.0,13.0,3.0,32.0,4000.0,0,0,0,1,1,161.76428579241616,1
164.0,5.5,2017.0,13.0,4.0,128.0,3200.0,0,0,0,1,1,161.76428579241616,3
140.0,4.5,2017.0,5.0,1.0,8.0,1800.0,0,0,0,1,1,159.03447210743803,0
156.0,4.5,2016.0,5.0,1.0,8.0,1800.0,0,0,0,1,1,161.76428579241616,0
165.0,5.0,2016.0,5.0,1.0,8.0,2000.0,0,0,0,1,1,161.76428579241616,0
151.0,5.0,2016.0,8.0,2.0,16.0,2000.0,0,0,0,1,1,168.15964292355375,0
175.0,5.5,2016.0,8.0,1.0,8.0,2500.0,0,0,0,1,1,161.76428579241616,0
162.0,5.5,2016.0,13.0,3.0,32.0,3000.0,0,0,1,1,1,167.6627820247934,0
128.0,5.0,2015.0,13.0,3.0,16.0,2100.0,0,0,0,1,1,159.03447210743803,0
145.0,5.5,2015.0,13.0,3.0,16.0,2500.0,0,0,0,1,1,159.03447210743803,1
155.0,5.0,2015.0,8.0,2.0,16.0,2000.0,0,0,0,1,1,159.03447210743803,0
143.0,5.2,2015.0,13.0,3.0,16.0,2900.0,0,0,0,1,1,159.03447210743803,1
135.0,5.0,2015.0,13.0,1.0,8.0,2500.0,0,0,0,1,1,167.6627820247934,0
144.0,5.0,2015.0,8.0,1.0,8.0,2800.0,0,0,0,1,1,161.76428579241616,0
97.0,4.8,2015.0,8.0,2.0,16.0,2000.0,0,0,0,1,0,167.6627820247934,2
136.0,4.5,2015.0,5.0,1.0,8.0,1700.0,0,0,0,1,1,160.78061230814643,0
143.0,5.0,2015.0,13.0,2.0,16.0,2400.0,0,0,0,1,1,159.03447210743803,1
134.0,4.7,2015.0,8.0,1.0,8.0,2000.0,0,0,0,1,1,160.78061230814643,0
170.0,5.0,2015.0,8.0,2.0,8.0,3000.0,0,0,0,1,1,164.52964292355372,0
138.0,4.5,2015.0,8.0,1.0,8.0,2000.0,0,0,0,1,1,159.03447210743803,0
306.0,7.0,2015.0,5.0,1.0,8.0,3200.0,0,0,0,1,1,164.52964292355372,0
138.0,4.7,2014.0,13.0,2.0,16.0,2300.0,0,0,0,1,1,159.03447210743803,2
163.0,4.5,2014.0,5.0,1.0,4.0,1900.0,0,0,0,1,1,168.15964292355375,0
143.0,4.5,2014.0,5.0,1.0,8.0,1950.0,0,0,0,1,1,161.76428579241616,0
123.0,4.7,2014.0,8.0,1.0,8.0,2000.0,0,0,0,1,1,159.03447210743803,1
136.0,4.5,2014.0,5.0,1.0,4.0,1700.0,0,0,0,1,1,167.6627820247934,0
129.0,4.0,2014.0,5.0,1.0,8.0,1500.0,0,0,0,1,1,159.03447210743803,0
146.0,5.5,2014.0,8.0,1.0,8.0,2350.0,0,0,0,1,1,159.03447210743803,1
138.0,5.0,2014.0,8.0,1.0,8.0,2000.0,0,0,0,1,1,159.03447210743803,1
158.0,4.7,2014.0,5.0,1.0,8.0,2000.0,0,0,0,1,1,167.6627820247934,0
159.0,5.0,2014.0,8.0,1.0,4.0,2000.0,0,0,0,1,1,159.03447210743803,0
168.0,5.0,2014.0,8.0,1.0,4.0,2000.0,0,0,0,1,1,159.03447210743803,0
202.0,6.0,2014.0,5.0,1.0,8.0,2500.0,0,0,0,1,1,167.6627820247934,0
154.0,5.0,2014.0,16.0,2.0,32.0,2350.0,0,0,0,1,0,159.03447210743803,2
110.0,4.7,2014.0,8.0,1.0,4.0,1800.0,0,0,0,1,1,161.76428579241616,1
180.0,6.0,2014.0,8.0,1.0,4.0,2450.0,0,0,0,1,1,159.03447210743803,1
147.0,5.0,2013.0,8.0,1.0,4.0,2000.0,0,0,0,1,1,160.78061230814643,1
220.0,5.7,2013.0,12.0,1.0,16.0,2600.0,0,0,0,1,0,164.52964292355372,2
158.0,5.0,2013.0,13.0,1.0,16.0,2000.0,0,0,0,1,1,161.76428579241616,2
164.0,5.0,2013.0,8.0,1.0,4.0,2000.0,0,0,0,1,1,161.76428579241616,1
156.0,5.0,2013.0,8.0,1.0,4.0,2000.0,0,0,0,1,1,159.03447210743803,2
335.0,5.0,2018.0,12.0,4.0,64.0,4900.0,1,0,1,1,1,329.53214307851243,3
290.0,4.0,2014.0,8.0,1.0,16.0,4800.0,1,0,1,1,0,290.76233790383174,3
270.0,2.63,2014.0,5.0,1.0,8.0,4800.0,0,0,1,1,0,311.38051972201356,3
195.0,6.1,2020.0,5.0,2.0,32.0,5000.0,0,0,0,1,1,218.8466477961433,0
195.0,6.78,2020.0,8.0,6.0,128.0,5200.0,0,0,1,1,1,193.40103414010233,0
183.0,6.6,2020.0,8.0,3.0,64.0,5000.0,0,0,1,1,1,195.82331985438802,0
209.0,6.82,2020.0,8.0,4.0,64.0,6000.0,0,0,1,1,1,190.35862349737042,0
206.0,6.95,2020.0,16.0,6.0,128.0,5000.0,0,0,1,1,1,190.35862349737042,1
185.0,6.6,2020.0,8.0,4.0,128.0,5000.0,0,0,1,1,1,198.76019562853415,2
185.0,6.6,2020.0,8.0,4.0,64.0,5000.0,0,0,0,1,1,198.76019562853415,0
185.0,6.6,2020.0,8.0,4.0,128.0,5000.0,0,0,1,1,1,218.8466477961433,1
195.0,6.53,2020.0,16.0,6.0,128.0,4000.0,0,0,1,1,1,218.8466477961433,0
178.0,6.6,2019.0,16.0,4.0,64.0,4000.0,0,0,0,1,1,218.8466477961433,0
178.0,6.6,2019.0,32.0,6.0,128.0,4000.0,0,0,0,1,1,218.8466477961433,0
179.0,6.52,2019.0,8.0,4.0,64.0,5000.0,0,0,1,1,1,190.35862349737042,1
173.0,6.01,2019.0,16.0,4.0,64.0,4000.0,0,0,1,1,1,218.8466477961433,1
148.0,6.21,2019.0,8.0,3.0,32.0,3500.0,0,0,0,1,1,198.76019562853415,0
166.0,6.2,2019.0,8.0,4.0,64.0,4000.0,0,0,0,1,1,218.8466477961433,0
173.0,6.0,2018.0,12.0,4.0,64.0,4500.0,0,0,0,1,1,190.35862349737042,0
151.0,6.0,2020.0,8.0,8.0,128.0,4080.0,1,1,1,1,0,311.3746892318911,3
168.0,6.2,2020.0,8.0,6.0,128.0,3885.0,1,1,1,1,0,325.81498230888434,3
143.0,5.81,2020.0,12.2,6.0,128.0,3140.0,1,0,1,1,0,330.3025745759026,3
167.0,6.0,2019.0,12.2,4.0,64.0,3700.0,1,0,1,1,0,342.68200687894995,0
147.0,5.6,2019.0,12.2,4.0,64.0,3000.0,1,0,1,1,0,325.81498230888434,2
184.0,6.3,2018.0,12.2,4.0,128.0,3430.0,1,0,1,1,0,342.68200687894995,3
148.0,5.5,2018.0,12.2,4.0,128.0,2915.0,1,0,1,1,0,311.3746892318911,2
143.0,5.0,2017.0,12.2,4.0,128.0,2700.0,1,0,1,1,0,310.91271760789715,3
175.0,6.0,2017.0,12.2,4.0,128.0,3520.0,1,0,1,1,0,330.3025745759026,3
168.0,5.5,2016.0,12.3,4.0,128.0,3450.0,1,0,1,1,0,324.6527176078972,3
143.0,5.0,2016.0,12.3,4.0,128.0,2770.0,1,0,1,1,0,325.81498230888434,2
145.0,5.9,2019.0,8.0,3.0,32.0,3400.0,0,0,0,1,1,187.27551033057856,1
160.0,5.67,2019.0,13.0,2.0,16.0,2920.0,0,0,0,1,1,193.4469389020071,1
134.0,5.0,2018.0,5.0,1.0,8.0,2000.0,0,0,0,1,1,205.85187983906047,0
153.0,5.7,2018.0,16.0,3.0,32.0,3100.0,1,0,0,1,1,187.5993507700977,0
145.0,5.5,2018.0,13.0,2.0,16.0,2900.0,1,0,0,1,1,193.4469389020071,0
155.0,5.34,2018.0,8.0,1.0,16.0,2460.0,1,0,0,1,1,184.11607153925624,0
169.0,5.0,2017.0,5.0,1.0,8.0,2200.0,1,0,0,1,1,205.85187983906047,0
166.0,5.5,2017.0,16.0,3.0,32.0,3000.0,1,0,0,1,1,184.11607153925624,2
151.0,5.0,2017.0,13.0,1.5,16.0,2400.0,1,0,0,1,1,205.85187983906047,0
167.9,5.0,2016.0,5.0,1.0,8.0,2000.0,0,0,0,1,1,193.4469389020071,0
150.0,5.5,2016.0,13.0,2.0,16.0,2960.0,0,0,1,1,1,187.5993507700977,1
155.0,5.5,2016.0,16.0,3.0,32.0,3000.0,1,0,1,1,1,184.11607153925624,3
128.0,5.0,2016.0,8.0,1.0,8.0,2540.0,1,0,0,1,1,187.4254659540065,0
146.0,4.5,2015.0,5.0,1.0,8.0,1780.0,0,0,0,1,1,205.85187983906047,0
159.0,5.5,2015.0,13.0,2.0,16.0,3000.0,0,0,0,1,1,187.27551033057856,1
155.0,5.0,2015.0,8.0,1.0,8.0,2500.0,0,0,0,1,1,184.11607153925624,0
155.0,4.5,2014.0,5.0,1.0,4.0,1880.0,1,0,0,1,1,187.27551033057856,0
162.0,5.0,2014.0,5.0,1.0,4.0,3000.0,1,0,0,1,1,205.85187983906047,1
166.0,6.39,2019.0,8.0,4.0,128.0,3400.0,1,0,1,1,1,247.34661668116573,3
214.0,6.85,2019.0,5.0,3.0,32.0,5000.0,0,0,0,1,1,247.34661668116573,1
162.0,6.26,2019.0,5.0,4.0,64.0,3000.0,0,0,0,1,1,259.81928584710744,0
150.0,5.71,2019.0,5.0,3.0,32.0,2800.0,0,0,0,1,1,263.05928584710745,0
210.0,5.0,2018.0,8.0,2.0,16.0,4000.0,0,0,0,1,1,247.39928584710748,1
170.0,5.73,2017.0,5.0,8.0,128.0,3100.0,1,0,1,1,0,252.6950311713978,3
155.0,5.2,2017.0,13.0,6.0,128.0,3000.0,0,0,1,1,1,247.39928584710748,3
155.0,5.2,2017.0,13.0,4.0,64.0,2950.0,0,0,1,1,1,247.34661668116573,3
130.0,5.2,2017.0,8.0,2.0,16.0,3000.0,0,0,0,1,1,252.6950311713978,2
223.0,5.0,2017.0,8.0,3.0,32.0,3500.0,0,0,0,1,1,263.05928584710745,1
160.0,5.0,2017.0,5.0,1.0,16.0,2400.0,0,0,0,1,1,252.6950311713978,0
193.0,5.5,2016.0,20.7,4.0,64.0,2950.0,0,0,1,1,1,247.39928584710748,2
154.0,5.0,2015.0,13.0,1.0,8.0,2100.0,0,0,0,1,1,252.6950311713978,1
160.0,5.0,2014.0,8.0,1.0,8.0,2000.0,1,0,0,1,1,252.6950311713978,1
142.0,5.0,2014.0,16.0,2.0,16.0,2700.0,1,0,0,1,1,259.81928584710744,1
232.0,6.4,2014.0,8.0,1.0,4.0,2800.0,0,0,0,1,1,263.05928584710745,2
140.0,5.0,2014.0,8.0,1.0,8.0,2000.0,0,0,0,1,1,259.81928584710744,2
160.0,5.0,2014.0,8.0,1.0,8.0,2000.0,0,0,0,1,1,252.6950311713978,2
140.0,4.5,2014.0,5.0,1.0,4.0,1850.0,0,0,0,1,1,247.34661668116573,2
191.0,6.0,2014.0,13.0,1.0,4.0,2600.0,1,0,0,1,1,254.33736284170377,2
146.0,5.0,2014.0,13.0,2.0,32.0,2300.0,1,0,0,1,1,244.65612263872495,2
140.0,4.3,2013.0,8.0,1.0,4.0,2000.0,0,0,0,1,1,248.50571446280995,2
140.0,5.3,2013.0,8.0,1.0,4.0,2100.0,0,0,0,1,1,248.50571446280995,1
130.0,5.0,2013.0,8.0,1.0,4.0,2000.0,0,0,0,1,1,250.82755121015353,1
158.0,4.5,2013.0,8.0,1.0,4.0,1850.0,0,0,0,1,1,254.33736284170377,0
305.0,7.0,2013.0,2.0,1.0,8.0,4000.0,0,0,0,0,1,248.50571446280995,0
305.0,7.0,2013.0,2.0,1.0,16.0,3200.0,0,0,0,0,1,257.7704083530107,0
186.0,6.5,2021.0,8.0,6.0,128.0,5000.0,0,1,1,1,1,342.06834901121607,1
175.0,6.5,2021.0,8.0,8.0,256.0,5000.0,1,1,1,1,0,332.60824688730986,2
177.0,6.52,2020.0,8.0,4.0,64.0,4230.0,0,0,0,1,1,342.06834901121607,0
171.0,6.43,2020.0,44.0,8.0,128.0,4310.0,0,0,1,1,1,324.5961214568314,3
184.0,6.55,2020.0,32.0,12.0,256.0,4500.0,1,1,1,1,0,324.5961214568314,3
175.0,6.5,2020.0,8.0,6.0,128.0,4040.0,0,1,1,1,0,321.4494768549128,1
173.0,6.55,2020.0,32.0,12.0,256.0,4350.0,1,1,1,1,0,331.26182520169226,3
172.0,6.43,2020.0,32.0,12.0,256.0,4300.0,0,1,1,1,0,337.48014438304824,3
177.0,6.5,2020.0,8.0,8.0,128.0,4040.0,0,1,1,1,1,321.4494768549128,3
175.0,6.52,2020.0,5.0,3.0,32.0,4230.0,0,0,0,1,1,331.26182520169226,0
186.0,6.5,2020.0,8.0,4.0,128.0,5000.0,1,0,1,1,1,321.4494768549128,2
186.0,6.5,2020.0,8.0,4.0,32.0,5000.0,0,0,1,1,1,321.4494768549128,0
169.0,6.43,2020.0,32.0,8.0,256.0,4300.0,0,1,1,1,0,337.48014438304824,3
163.0,6.44,2020.0,16.0,8.0,128.0,4015.0,0,0,1,1,1,331.26182520169226,1
186.0,6.5,2020.0,8.0,8.0,128.0,5000.0,0,0,1,1,1,337.48014438304824,1
186.0,6.5,2020.0,16.0,6.0,128.0,5000.0,0,0,1,1,1,337.48014438304824,3
194.0,6.5,2020.0,16.0,6.0,128.0,5000.0,0,1,1,1,0,332.60824688730986,1
161.0,6.5,2020.0,32.0,8.0,256.0,4000.0,1,0,1,1,1,324.5961214568314,3
165.0,6.4,2020.0,32.0,8.0,128.0,4015.0,0,0,1,1,1,332.60824688730986,3
175.0,6.5,2020.0,8.0,8.0,128.0,4040.0,1,1,1,1,0,331.26182520169226,2
165.0,6.2,2020.0,5.0,3.0,32.0,4230.0,0,0,1,1,1,321.4494768549128,0
172.0,6.55,2020.0,32.0,12.0,256.0,4000.0,1,1,1,1,0,332.60824688730986,3
192.0,6.5,2020.0,16.0,8.0,128.0,5000.0,0,0,1,1,1,337.48014438304824,2
171.0,6.5,2020.0,32.0,12.0,256.0,4025.0,1,1,1,1,0,321.4494768549128,3
192.0,6.5,2020.0,16.0,8.0,128.0,5000.0,1,0,1,1,1,332.60824688730986,2
192.0,6.5,2020.0,16.0,8.0,128.0,5000.0,0,0,1,1,1,342.06834901121607,1
165.0,6.22,2020.0,5.0,2.0,32.0,4230.0,0,0,1,1,1,342.06834901121607,0
165.0,6.22,2020.0,5.0,4.0,64.0,4230.0,0,0,1,1,1,342.06834901121607,1
180.0,6.4,2020.0,32.0,8.0,256.0,4025.0,1,1,1,1,0,332.60824688730986,2
180.0,6.4,2020.0,32.0,8.0,128.0,4025.0,1,1,1,1,0,331.26182520169226,3
186.0,6.55,2020.0,16.0,12.0,256.0,4000.0,1,1,1,1,0,321.4494768549128,3
168.0,6.2,2020.0,8.0,3.0,64.0,4230.0,0,0,0,1,1,332.60824688730986,0
170.0,6.4,2020.0,44.0,8.0,128.0,4025.0,1,0,1,1,1,324.5961214568314,3
217.0,6.7,2020.0,32.0,12.0,512.0,4260.0,1,1,1,1,0,331.26182520169226,3
209.0,6.7,2020.0,32.0,12.0,256.0,4200.0,1,1,1,1,0,324.5961214568314,3
180.0,6.5,2020.0,8.0,6.0,128.0,4230.0,0,0,1,1,1,331.26182520169226,3
172.0,6.4,2020.0,16.0,8.0,128.0,4025.0,0,0,1,1,1,321.4494768549128,3
171.0,6.5,2019.0,32.0,12.0,256.0,4025.0,1,1,1,1,0,342.06834901121607,3
180.0,6.4,2020.0,32.0,8.0,128.0,4025.0,1,1,1,1,0,332.60824688730986,3
181.0,6.4,2019.0,32.0,12.0,128.0,4025.0,1,1,1,1,0,321.4494768549128,3
172.0,6.4,2019.0,16.0,8.0,128.0,4025.0,0,0,1,1,1,342.06834901121607,3
180.0,6.5,2019.0,8.0,4.0,128.0,4230.0,0,0,1,1,1,337.48014438304824,1
195.0,6.5,2019.0,8.0,6.0,256.0,5000.0,0,0,1,1,1,321.4494768549128,1
182.0,6.4,2019.0,32.0,8.0,256.0,4000.0,1,0,1,1,1,337.48014438304824,2
200.0,6.5,2019.0,16.0,12.0,256.0,4000.0,1,0,1,1,0,332.60824688730986,3
169.5,6.4,2019.0,25.0,6.0,128.0,3600.0,1,0,1,1,1,332.60824688730986,2
195.0,6.5,2019.0,8.0,4.0,128.0,5000.0,1,0,1,1,1,332.60824688730986,1
195.0,6.5,2019.0,16.0,8.0,128.0,5000.0,0,0,1,1,1,337.48014438304824,2
189.0,6.5,2019.0,16.0,8.0,256.0,4000.0,1,0,1,1,1,321.4494768549128,3
195.0,6.5,2019.0,16.0,8.0,256.0,4000.0,0,0,1,1,1,324.5961214568314,3
195.0,6.53,2019.0,16.0,8.0,256.0,4000.0,0,0,1,1,1,332.60824688730986,3
186.0,6.4,2019.0,32.0,8.0,256.0,4035.0,1,0,1,1,0,324.5961214568314,3
191.0,6.5,2019.0,16.0,8.0,256.0,3765.0,0,0,1,1,0,332.60824688730986,2
190.0,6.53,2019.0,16.0,6.0,128.0,4020.0,1,0,1,1,1,321.4494768549128,2
190.0,6.53,2019.0,16.0,8.0,128.0,4020.0,1,0,1,1,1,332.60824688730986,2
215.0,6.6,2019.0,16.0,8.0,256.0,4065.0,1,1,1,1,1,321.4494768549128,3
210.0,6.6,2019.0,16.0,12.0,256.0,4065.0,1,0,1,1,1,331.26182520169226,3
185.0,6.4,2019.0,16.0,8.0,256.0,3765.0,1,0,1,1,0,337.48014438304824,3
170.0,6.1,2019.0,8.0,2.0,32.0,4000.0,0,0,0,1,1,337.48014438304824,0
170.0,6.2,2019.0,16.0,4.0,64.0,4230.0,1,0,0,1,1,332.60824688730986,1
170.0,6.2,2019.0,8.0,4.0,64.0,4230.0,0,0,0,1,1,321.4494768549128,0
188.0,6.53,2019.0,16.0,6.0,128.0,4020.0,0,0,1,1,1,331.26182520169226,1
190.0,6.53,2019.0,16.0,6.0,128.0,4000.0,0,0,1,1,1,324.5961214568314,2
168.0,6.2,2018.0,16.0,4.0,64.0,4230.0,0,0,0,1,1,337.48014438304824,2
156.0,6.4,2018.0,25.0,6.0,128.0,3600.0,0,0,1,1,0,321.4494768549128,3
156.0,6.41,2018.0,25.0,4.0,128.0,3600.0,0,0,0,1,1,331.26182520169226,3
156.0,6.4,2018.0,25.0,6.0,64.0,3600.0,0,0,1,1,1,331.26182520169226,2
169.0,6.3,2018.0,16.0,4.0,128.0,3500.0,0,0,1,1,1,332.60824688730986,2
183.0,6.4,2018.0,25.0,8.0,128.0,3700.0,1,0,1,1,1,332.60824688730986,3
182.0,6.4,2018.0,25.0,8.0,128.0,3500.0,0,0,1,1,0,332.60824688730986,3
169.0,6.3,2018.0,25.0,6.0,64.0,3500.0,0,0,1,1,1,342.06834901121607,3
168.0,6.2,2018.0,8.0,4.0,64.0,4230.0,0,0,0,1,1,332.60824688730986,2
168.0,6.2,2018.0,8.0,4.0,64.0,4230.0,0,0,0,1,1,332.60824688730986,2
155.0,6.0,2018.0,13.0,4.0,64.0,3410.0,0,0,0,1,1,332.60824688730986,2
159.0,6.2,2018.0,16.0,4.0,128.0,3400.0,0,0,1,1,1,337.48014438304824,3
158.0,6.23,2018.0,16.0,6.0,128.0,3400.0,0,0,1,1,1,342.06834901121607,2
180.0,6.28,2018.0,20.0,6.0,128.0,3430.0,1,0,1,1,1,342.06834901121607,3
175.0,6.28,2018.0,20.0,8.0,128.0,3450.0,0,0,1,1,1,331.26182520169226,3
143.0,5.7,2018.0,13.0,4.0,64.0,3180.0,0,0,0,1,1,342.06834901121607,1
137.0,5.2,2018.0,13.0,3.0,16.0,3000.0,0,0,0,1,1,331.26182520169226,0
143.0,5.7,2018.0,13.0,4.0,64.0,3180.0,0,0,1,1,1,332.60824688730986,1
152.0,6.0,2017.0,13.0,4.0,32.0,3200.0,0,0,0,1,1,337.48014438304824,2
182.0,6.43,2017.0,20.0,6.0,64.0,4000.0,0,0,1,1,1,332.60824688730986,3
152.0,6.0,2017.0,16.0,6.0,64.0,3200.0,0,0,0,1,1,331.26182520169226,3
153.0,6.01,2017.0,20.0,4.0,64.0,3200.0,0,0,1,1,1,324.5961214568314,3
137.0,5.2,2017.0,13.0,3.0,16.0,3000.0,0,0,0,1,1,331.26182520169226,1
148.0,5.5,2017.0,13.0,4.0,64.0,3200.0,0,0,0,1,1,337.48014438304824,2
188.0,6.0,2017.0,20.0,6.0,64.0,4000.0,0,0,1,1,1,332.60824688730986,3
150.0,5.5,2017.0,20.0,6.0,128.0,3000.0,0,0,1,1,1,337.48014438304824,3
153.0,5.5,2017.0,13.0,4.0,64.0,3200.0,0,0,0,1,1,332.60824688730986,3
147.0,5.2,2017.0,13.0,3.0,32.0,2900.0,0,0,1,1,1,342.06834901121607,1
153.0,5.5,2017.0,13.0,4.0,64.0,3200.0,0,0,0,1,1,342.06834901121607,2
185.0,6.0,2017.0,16.0,6.0,64.0,4000.0,0,0,1,1,1,324.5961214568314,3
147.0,5.2,2016.0,13.0,3.0,32.0,2900.0,0,0,0,1,1,332.60824688730986,1
160.0,5.5,2016.0,13.0,4.0,64.0,3075.0,0,0,1,1,1,332.60824688730986,1
185.0,6.0,2016.0,16.0,6.0,64.0,4000.0,1,0,1,1,1,337.48014438304824,3
145.0,5.5,2016.0,16.0,4.0,64.0,3010.0,0,0,1,1,1,331.26182520169226,3
136.0,5.0,2016.0,8.0,2.0,16.0,2630.0,0,0,0,1,1,331.26182520169226,2
160.0,5.5,2016.0,13.0,3.0,32.0,3075.0,0,0,0,1,1,332.60824688730986,2
185.0,6.0,2016.0,16.0,4.0,128.0,4120.0,0,0,1,1,1,342.06834901121607,3
145.0,5.5,2016.0,13.0,4.0,64.0,2850.0,0,0,0,1,1,337.48014438304824,3
134.0,5.0,2016.0,13.0,3.0,16.0,2500.0,0,0,0,1,1,324.5961214568314,2
165.0,5.5,2015.0,13.0,2.0,16.0,3075.0,1,0,0,1,1,332.60824688730986,1
146.0,5.0,2015.0,8.0,2.0,16.0,2400.0,0,0,0,1,1,331.26182520169226,2
141.0,5.0,2015.0,8.0,1.0,16.0,2420.0,0,0,0,1,1,324.5961214568314,1
155.0,5.5,2015.0,13.0,4.0,32.0,3070.0,0,0,0,1,1,331.26182520169226,2
147.0,5.0,2015.0,13.0,2.0,16.0,2320.0,0,0,0,1,1,342.06834901121607,2
155.0,5.2,2015.0,13.0,3.0,32.0,2000.0,0,0,1,1,0,337.48014438304824,1
160.0,5.0,2015.0,8.0,2.0,16.0,2420.0,0,0,0,1,1,321.4494768549128,2
135.0,4.5,2015.0,5.0,1.0,4.0,2000.0,0,0,0,1,1,331.26182520169226,0
192.0,6.0,2015.0,13.0,4.0,64.0,4100.0,0,0,1,1,1,332.60824688730986,3
147.0,5.0,2015.0,13.0,3.0,16.0,2320.0,0,0,0,1,1,332.60824688730986,3
135.0,4.5,2015.0,8.0,1.0,16.0,2000.0,0,0,0,1,1,324.5961214568314,0
135.0,4.5,2015.0,8.0,1.0,8.0,2000.0,0,0,0,1,1,332.60824688730986,1
125.0,4.0,2015.0,3.15,1.0,4.0,1700.0,0,0,0,1,1,342.06834901121607,0
130.0,4.7,2015.0,8.0,1.0,8.0,2000.0,0,0,0,1,1,342.06834901121607,2
135.0,4.5,2015.0,8.0,1.0,8.0,2000.0,0,0,0,1,1,331.26182520169226,1
130.0,5.0,2015.0,13.0,2.0,16.0,2420.0,0,0,0,1,1,337.48014438304824,3
155.0,5.2,2014.0,13.0,2.0,16.0,2000.0,0,0,1,1,0,337.48014438304824,3
192.0,5.5,2014.0,16.0,2.0,32.0,3000.0,1,0,0,1,1,332.60824688730986,3
140.0,5.0,2014.0,13.0,1.0,16.0,2410.0,0,0,0,1,0,321.4494768549128,2
128.0,4.5,2014.0,5.0,1.0,4.0,1900.0,0,0,0,1,1,342.06834901121607,0
128.0,4.7,2014.0,8.0,1.0,4.0,2000.0,0,0,0,1,1,337.48014438304824,2
145.0,4.7,2014.0,5.0,1.0,4.0,1900.0,0,0,0,1,1,332.60824688730986,1
132.5,4.5,2014.0,5.0,1.0,4.0,1900.0,0,0,0,1,1,332.60824688730986,1
140.0,5.0,2014.0,8.0,1.0,8.0,2410.0,0,0,0,1,1,342.06834901121607,2
150.0,5.0,2014.0,13.0,2.0,16.0,2140.0,0,0,0,1,0,342.06834901121607,3
171.0,5.5,2014.0,13.0,3.0,32.0,3000.0,1,0,1,1,1,342.06834901121607,3
170.0,5.5,2014.0,13.0,2.0,16.0,2800.0,1,0,1,1,1,332.60824688730986,3
140.0,5.0,2013.0,8.0,1.0,16.0,2410.0,0,0,0,1,0,342.06834901121607,3
213.0,5.9,2013.0,13.0,2.0,32.0,3610.0,1,0,0,1,0,331.26182520169226,3
110.0,4.7,2013.0,8.0,1.0,16.0,2000.0,0,0,0,1,0,342.06834901121607,2
141.5,4.3,2013.0,5.0,1.0,4.0,1700.0,0,0,0,1,1,331.26182520169226,0
160.0,5.5,2017.0,13.0,3.0,32.0,3000.0,0,0,0,1,1,266.9185716942149,0
206.0,6.67,2020.0,8.0,4.0,128.0,5000.0,1,0,1,1,1,251.08788233884297,2
171.5,6.3,2020.0,16.0,4.0,128.0,4000.0,1,0,1,1,0,240.01860576258454,1
232.0,7.09,2020.0,8.0,8.0,128.0,5000.0,1,1,1,1,0,241.34661667077833,2
192.0,6.5,2020.0,16.0,8.0,128.0,4000.0,0,1,1,1,0,238.5937704726693,2
146.0,5.71,2020.0,13.0,3.0,64.0,3020.0,0,0,0,1,1,241.50169667167546,0
213.0,6.81,2020.0,16.0,8.0,128.0,4300.0,0,1,1,1,1,241.34661667077833,2
203.0,6.63,2020.0,16.0,8.0,128.0,4300.0,0,1,1,1,0,241.50169667167546,2
185.0,6.3,2020.0,8.0,3.0,64.0,5000.0,1,0,0,1,1,241.34661667077833,1
176.0,6.39,2020.0,8.0,4.0,64.0,4000.0,0,0,0,1,1,241.50169667167546,1
144.0,5.45,2020.0,8.0,2.0,32.0,3020.0,0,0,0,1,1,238.5937704726693,0
188.0,6.5,2020.0,8.0,4.0,128.0,3750.0,1,0,1,1,1,251.08788233884297,1
185.0,6.53,2020.0,32.0,8.0,256.0,4000.0,1,1,1,1,0,241.50169667167546,3
164.0,6.21,2020.0,8.0,4.0,64.0,3400.0,1,0,0,1,1,240.01860576258454,1
165.0,6.3,2020.0,16.0,8.0,128.0,4000.0,0,0,1,1,0,241.1839888023303,1
176.0,6.39,2020.0,8.0,6.0,128.0,4000.0,0,0,0,1,1,241.34661667077833,1
150.0,6.09,2020.0,13.0,3.0,64.0,3020.0,1,0,0,1,1,251.08788233884297,1
150.0,6.09,2020.0,13.0,3.0,64.0,3020.0,1,0,0,1,1,241.50169667167546,0
190.0,6.5,2020.0,16.0,8.0,256.0,4000.0,0,1,1,1,0,241.34661667077833,3
185.0,6.3,2020.0,8.0,4.0,128.0,5000.0,0,0,0,1,1,238.5937704726693,0
196.8,6.59,2019.0,16.0,6.0,128.0,4000.0,0,0,1,1,1,251.08788233884297,1
171.5,6.3,2019.0,16.0,8.0,128.0,4000.0,0,0,1,1,1,240.01860576258454,2
146.0,5.71,2019.0,13.0,3.0,64.0,3020.0,0,0,0,1,1,241.34661667077833,0
176.0,6.39,2019.0,8.0,6.0,128.0,4000.0,0,0,0,1,1,251.08788233884297,0
172.0,6.26,2019.0,32.0,8.0,128.0,3750.0,0,0,1,1,0,241.50169667167546,2
202.0,6.59,2019.0,16.0,8.0,256.0,4000.0,0,0,1,1,1,251.08788233884297,2
206.0,6.59,2019.0,16.0,8.0,128.0,4000.0,0,0,1,1,1,241.1839888023303,1
146.0,5.71,2019.0,13.0,3.0,64.0,3020.0,0,0,0,1,1,241.34661667077833,0
182.0,6.26,2019.0,32.0,8.0,256.0,4000.0,1,0,1,1,0,240.01860576258454,3
174.0,6.26,2019.0,32.0,8.0,256.0,3750.0,1,0,1,1,0,241.50169667167546,3
164.0,6.21,2019.0,32.0,8.0,128.0,3400.0,1,0,0,1,1,238.5937704726693,1
164.0,6.21,2019.0,32.0,6.0,256.0,3400.0,0,0,1,1,1,251.08788233884297,2
150.0,6.09,2019.0,13.0,3.0,64.0,3020.0,0,0,1,1,1,240.01860576258454,1
180.0,6.4,2018.0,25.0,8.0,256.0,4000.0,1,0,1,1,0,238.5937704726693,3
150.0,6.09,2019.0,13.0,3.0,64.0,3020.0,0,0,0,1,1,240.01860576258454,0
162.0,6.21,2018.0,24.0,6.0,128.0,3400.0,1,0,1,1,1,241.34661667077833,1
167.2,6.26,2018.0,8.0,4.0,64.0,4000.0,0,0,0,1,1,238.5937704726693,1
175.0,6.5,2018.0,16.0,6.0,128.0,3750.0,1,0,0,1,1,241.50169667167546,3
210.0,7.12,2018.0,8.0,6.0,128.0,5000.0,0,0,0,1,1,251.08788233884297,2
230.0,6.95,2018.0,13.0,8.0,128.0,5000.0,1,0,1,1,1,238.5937704726693,3
152.0,5.84,2018.0,16.0,4.0,128.0,3000.0,0,0,0,1,1,238.5937704726693,2
176.0,6.3,2018.0,16.0,6.0,64.0,3750.0,1,0,1,1,1,251.08788233884297,2
142.0,5.45,2018.0,13.0,2.0,16.0,3020.0,0,0,0,1,1,240.01860576258454,0
153.0,5.84,2018.0,24.0,8.0,128.0,3400.0,1,0,1,1,0,240.01860576258454,3
150.0,5.7,2018.0,8.0,3.0,32.0,3000.0,0,0,0,1,1,241.50169667167546,0
164.0,5.99,2018.0,8.0,4.0,64.0,3000.0,0,0,0,1,1,241.34661667077833,1
172.0,5.99,2017.0,13.0,6.0,128.0,3750.0,1,0,1,1,1,241.34661667077833,3
165.0,5.93,2017.0,8.0,4.0,64.0,3340.0,0,0,0,1,1,240.01860576258454,1
145.0,5.2,2017.0,13.0,3.0,32.0,3000.0,0,0,0,1,1,241.50169667167546,1
155.0,5.15,2017.0,8.0,6.0,128.0,3200.0,1,0,1,1,1,240.01860576258454,2
143.0,5.0,2017.0,13.0,3.0,32.0,3020.0,0,0,0,1,1,241.34661667077833,0
184.0,5.7,2017.0,12.0,6.0,64.0,4000.0,1,0,1,1,1,251.08788233884297,3
145.0,5.09,2016.0,8.0,4.0,64.0,2900.0,1,0,1,1,0,241.1839888023303,3
170.0,5.7,2016.0,12.0,4.0,64.0,3500.0,1,0,1,1,1,240.01860576258454,2
162.0,5.5,2016.0,8.0,4.0,64.0,3340.0,0,0,0,1,1,251.08788233884297,1
168.0,5.5,2016.0,13.0,2.0,16.0,3100.0,0,0,0,1,1,241.34661667077833,1
219.0,6.6,2016.0,13.0,4.0,128.0,4500.0,0,0,1,1,1,251.08788233884297,2
153.0,5.2,2016.0,12.0,4.0,64.0,3000.0,1,0,1,1,1,241.50169667167546,1
140.0,5.0,2016.0,13.0,2.0,16.0,2200.0,0,0,0,1,1,241.1839888023303,0
156.0,5.2,2016.0,13.0,2.0,16.0,3000.0,0,0,0,1,1,241.34661667077833,1
160.0,5.0,2016.0,13.0,2.0,16.0,4000.0,0,0,0,1,1,251.08788233884297,1
158.0,5.5,2015.0,13.0,3.0,16.0,3000.0,0,0,0,1,1,241.1839888023303,1
160.0,5.2,2015.0,13.0,3.0,32.0,3100.0,1,0,0,1,1,251.08788233884297,2
157.0,5.2,2015.0,20.0,3.0,64.0,3100.0,0,0,1,1,1,238.5937704726693,2
162.0,5.0,2015.0,13.0,2.0,8.0,2550.0,0,0,0,1,1,241.34661667077833,1
165.0,5.5,2014.0,8.0,3.0,16.0,3600.0,1,0,1,1,1,241.1839888023303,3
165.0,5.5,2014.0,13.0,2.0,8.0,3000.0,0,0,0,1,1,251.08788233884297,1
156.0,5.0,2014.0,8.0,1.0,16.0,2000.0,0,0,0,1,1,251.08788233884297,0
160.0,5.0,2014.0,8.0,1.0,8.0,2000.0,1,0,0,1,1,238.5937704726693,0
156.0,5.0,2014.0,8.0,1.0,16.0,2000.0,0,0,0,1,1,241.34661667077833,0
130.0,5.0,2014.0,13.0,3.0,32.0,3100.0,1,0,1,1,1,241.34661667077833,2
162.0,5.5,2014.0,13.0,2.0,32.0,3000.0,0,0,0,1,1,241.50169667167546,1
140.0,5.0,2014.0,8.0,2.0,16.0,2300.0,0,0,0,1,1,241.34661667077833,1
162.0,5.5,2013.0,13.0,2.0,16.0,3000.0,0,0,0,1,1,241.34661667077833,2
140.0,5.0,2013.0,8.0,2.0,8.0,2300.0,0,0,0,1,1,251.08788233884297,1
138.0,4.7,2013.0,13.0,2.0,8.0,2150.0,0,0,0,1,1,240.01860576258454,2
240.0,6.59,2020.0,24.0,16.0,512.0,6000.0,1,1,1,1,0,267.8084664256198,3
240.0,6.59,2020.0,24.0,12.0,256.0,6000.0,1,1,1,1,0,268.8449351051841,3
240.0,6.59,2019.0,24.0,12.0,1024.0,6000.0,1,0,1,1,0,274.0360453285628,3
165.0,6.26,2019.0,8.0,3.0,32.0,4000.0,0,0,1,1,1,268.8449351051841,1
165.0,6.26,2019.0,8.0,4.0,64.0,4000.0,0,0,1,1,1,269.89233404143874,3
175.0,6.26,2018.0,13.0,6.0,64.0,5000.0,1,0,0,1,1,295.60911011380574,3
150.0,5.45,2018.0,13.0,3.0,32.0,4000.0,0,0,0,1,1,269.49660717975206,0
140.0,5.45,2018.0,13.0,2.0,16.0,3000.0,0,0,0,1,1,268.8449351051841,0
200.0,6.0,2018.0,8.0,8.0,512.0,4000.0,1,0,1,1,0,269.89233404143874,3
140.0,5.5,2018.0,13.0,2.0,32.0,3000.0,0,0,0,1,1,274.0360453285628,0
180.0,5.99,2018.0,8.0,6.0,128.0,5000.0,1,0,0,1,1,269.89233404143874,1
165.0,6.2,2018.0,8.0,8.0,256.0,3300.0,1,0,0,1,1,269.49660717975206,3
165.0,6.2,2018.0,8.0,6.0,64.0,3300.0,1,0,0,1,1,269.49660717975206,3
150.0,5.5,2018.0,8.0,3.0,32.0,4000.0,0,0,0,1,1,295.60911011380574,1
160.0,5.7,2017.0,8.0,4.0,64.0,4130.0,0,0,0,1,1,274.0360453285628,2
147.1,5.2,2017.0,23.0,4.0,32.0,3000.0,0,0,1,1,1,267.8084664256198,3
175.0,5.5,2017.0,8.0,6.0,128.0,3600.0,1,0,1,1,1,267.8084664256198,3
165.0,5.5,2017.0,8.0,6.0,64.0,3300.0,1,0,1,1,1,295.60911011380574,3
144.0,5.5,2017.0,13.0,2.0,32.0,3000.0,0,0,0,1,1,274.0360453285628,1
144.0,5.5,2017.0,13.0,3.0,32.0,3000.0,0,0,0,1,1,267.8084664256198,1
147.0,5.5,2017.0,16.0,4.0,64.0,3000.0,0,0,0,1,1,295.60911011380574,2
144.0,5.5,2017.0,16.0,4.0,64.0,3000.0,0,0,0,1,1,274.0360453285628,2
156.0,5.2,2017.0,8.0,3.0,32.0,4100.0,0,0,0,1,1,268.8449351051841,1
181.0,5.5,2017.0,16.0,3.0,32.0,5000.0,0,0,0,1,1,268.8449351051841,2
181.0,5.5,2017.0,8.0,3.0,32.0,5000.0,0,0,0,1,1,295.60911011380574,2
181.0,5.5,2017.0,8.0,3.0,32.0,5000.0,0,0,0,1,1,274.0360453285628,2
168.0,5.5,2017.0,13.0,2.0,32.0,3000.0,0,0,0,1,1,274.0360453285628,0
120.0,5.0,2017.0,13.0,2.0,32.0,2650.0,0,0,0,1,1,267.8084664256198,1
175.0,5.2,2017.0,13.0,3.0,32.0,5000.0,0,0,1,1,1,274.0360453285628,1
170.0,5.7,2017.0,23.0,8.0,256.0,3300.0,0,0,1,1,1,295.60911011380574,3
170.0,5.5,2017.0,13.0,4.0,128.0,5000.0,0,0,0,1,1,269.89233404143874,3
270.0,6.9,2016.0,5.0,1.0,8.0,3480.0,0,0,0,1,1,295.60911011380574,0
150.0,5.0,2016.0,13.0,2.0,16.0,2600.0,0,0,0,1,1,268.8449351051841,0
175.0,5.5,2016.0,16.0,4.0,32.0,4100.0,0,0,0,1,1,268.8449351051841,1
151.0,5.5,2016.0,16.0,4.0,64.0,3000.0,1,0,0,1,1,267.8084664256198,2
148.0,5.2,2016.0,13.0,3.0,32.0,4130.0,0,0,0,1,1,274.0360453285628,2
150.0,5.5,2016.0,13.0,4.0,32.0,3000.0,0,0,0,1,1,269.89233404143874,1
144.0,5.2,2016.0,16.0,4.0,64.0,2600.0,0,0,0,1,1,269.49660717975206,2
158.4,5.2,2016.0,13.0,3.0,32.0,4100.0,0,0,0,1,1,267.8084664256198,2
233.0,6.8,2016.0,23.0,4.0,128.0,4600.0,0,0,0,1,1,274.0360453285628,3
170.0,5.7,2016.0,23.0,6.0,256.0,3000.0,1,0,0,1,1,269.89233404143874,2
155.0,5.5,2016.0,16.0,4.0,64.0,3000.0,0,0,0,1,1,274.0360453285628,3
202.0,5.5,2016.0,13.0,3.0,32.0,5000.0,0,0,0,1,1,274.0360453285628,1
135.0,4.5,2016.0,8.0,1.0,8.0,2070.0,0,0,0,1,1,274.0360453285628,0
125.0,4.5,2016.0,5.0,1.0,8.0,2070.0,0,0,0,1,1,295.60911011380574,0
160.0,5.5,2016.0,8.0,2.0,32.0,3010.0,0,0,0,1,1,268.8449351051841,1
153.0,5.0,2016.0,8.0,2.0,16.0,2500.0,0,0,0,1,1,269.89233404143874,0
133.5,4.5,2015.0,5.0,1.0,8.0,1600.0,0,0,0,1,1,274.0360453285628,0
140.0,5.0,2016.0,8.0,2.0,16.0,2070.0,0,0,0,1,1,274.0360453285628,1
170.1,5.5,2015.0,13.0,3.0,32.0,3000.0,0,0,0,1,1,269.89233404143874,1
185.0,5.5,2015.0,13.0,4.0,128.0,3000.0,1,0,0,1,1,267.8084664256198,2
135.0,5.0,2015.0,8.0,2.0,16.0,2070.0,0,0,0,1,1,274.0360453285628,0
202.0,5.5,2015.0,13.0,2.0,16.0,5000.0,0,0,0,1,1,269.49660717975206,1
170.0,5.5,2015.0,13.0,4.0,256.0,3000.0,0,0,0,1,1,268.8449351051841,3
190.0,6.0,2015.0,13.0,3.0,32.0,3000.0,0,0,0,1,1,274.0360453285628,2
190.0,6.0,2015.0,13.0,3.0,32.0,3000.0,0,0,0,1,1,274.0360453285628,3
170.0,5.5,2015.0,13.0,3.0,32.0,3000.0,0,0,0,1,1,268.8449351051841,2
140.0,5.0,2015.0,8.0,2.0,16.0,2040.0,0,0,0,1,1,274.0360453285628,1
140.0,5.0,2015.0,13.0,2.0,16.0,2400.0,0,0,0,1,1,295.60911011380574,2
272.0,7.0,2015.0,8.0,2.0,16.0,3500.0,0,0,0,1,1,268.8449351051841,1
155.1,5.0,2015.0,8.0,1.0,8.0,2500.0,0,0,0,1,1,295.60911011380574,0
156.0,5.5,2015.0,13.0,3.0,32.0,3030.0,1,0,1,1,1,267.8084664256198,3
265.0,7.0,2015.0,5.0,1.0,16.0,3450.0,0,0,0,1,1,267.8084664256198,1
170.0,5.5,2015.0,13.0,3.0,32.0,3000.0,0,0,0,1,1,274.0360453285628,2
155.0,5.0,2015.0,8.0,2.0,16.0,2500.0,0,0,0,1,1,295.60911011380574,1
170.0,5.5,2015.0,13.0,2.0,16.0,3000.0,0,0,0,1,1,267.8084664256198,2
170.0,5.5,2015.0,13.0,4.0,64.0,3000.0,1,0,0,1,1,274.0360453285628,3
299.0,7.0,2015.0,5.0,2.0,16.0,3950.0,0,0,0,1,1,295.60911011380574,2
150.0,4.5,2015.0,5.0,1.0,8.0,2100.0,0,0,0,1,1,269.49660717975206,0
280.0,7.0,2015.0,5.0,2.0,16.0,3950.0,0,0,0,1,1,268.8449351051841,1
185.0,5.5,2015.0,13.0,4.0,128.0,3000.0,0,0,0,1,1,269.89233404143874,3
140.0,5.0,2014.0,8.0,2.0,16.0,2500.0,0,0,0,1,1,295.60911011380574,0
148.8,4.5,2014.0,5.0,1.0,8.0,2060.0,0,0,0,1,1,274.0360453285628,1
279.0,7.0,2014.0,5.0,2.0,32.0,3950.0,1,0,1,1,1,269.49660717975206,2
269.0,7.0,2014.0,5.0,2.0,32.0,3950.0,1,0,0,1,1,269.89233404143874,2
145.0,5.0,2014.0,8.0,2.0,32.0,2110.0,0,0,0,1,1,295.60911011380574,2
134.0,4.5,2014.0,8.0,1.0,8.0,1750.0,0,0,0,1,1,269.49660717975206,0
295.0,7.0,2014.0,5.0,1.0,16.0,3950.0,0,0,0,1,1,295.60911011380574,0
290.0,7.0,2014.0,2.0,1.0,8.0,3910.0,0,0,0,1,1,274.0360453285628,0
150.0,5.0,2014.0,13.0,2.0,16.0,2300.0,1,0,1,1,1,274.0360453285628,3
150.0,5.0,2014.0,13.0,2.0,16.0,2300.0,1,0,1,1,1,295.60911011380574,2
145.0,5.0,2014.0,13.0,2.0,32.0,2400.0,0,0,1,1,1,267.8084664256198,3
196.0,6.0,2014.0,13.0,2.0,32.0,3230.0,0,0,0,1,1,268.8449351051841,1
196.0,6.0,2014.0,13.0,2.0,32.0,3300.0,0,0,0,1,1,274.0360453285628,2
145.0,5.0,2015.0,8.0,2.0,8.0,2110.0,0,0,0,1,1,295.60911011380574,0
145.0,5.0,2014.0,8.0,2.0,32.0,2110.0,0,0,0,1,1,267.8084664256198,0
115.0,4.0,2014.0,5.0,1.0,8.0,1200.0,0,0,0,1,1,295.60911011380574,0
150.0,4.5,2014.0,5.0,1.0,8.0,2060.0,0,0,0,1,1,267.8084664256198,3
116.0,4.0,2014.0,8.0,1.0,8.0,1170.0,0,0,0,1,1,295.60911011380574,2
105.0,4.3,2013.0,8.0,1.0,16.0,1500.0,0,0,0,1,1,269.49660717975206,2
145.0,5.0,2013.0,13.0,2.0,32.0,2400.0,1,0,1,1,1,269.49660717975206,3
328.0,7.0,2013.0,5.0,1.0,32.0,3950.0,0,0,0,1,1,268.8449351051841,2
290.0,7.0,2013.0,5.0,2.0,32.0,3950.0,1,0,1,1,0,295.60911011380574,2
210.0,6.0,2013.0,8.0,2.0,32.0,3200.0,1,0,1,1,1,268.8449351051841,3
340.0,7.0,2013.0,3.15,1.0,16.0,4270.0,0,0,0,1,1,269.89233404143874,2
141.0,5.0,2013.0,13.0,2.0,64.0,2400.0,1,0,1,1,0,268.8449351051841,3
370.0,7.0,2013.0,1.0,1.0,16.0,4270.0,0,0,0,0,1,295.60911011380574,0
207.0,6.8,2020.0,16.0,4.0,128.0,5000.0,0,0,1,1,1,238.0552654958678,0
220.0,7.0,2020.0,16.0,4.0,64.0,6000.0,0,0,0,1,1,238.0552654958678,0
203.0,6.6,2020.0,32.0,6.0,128.0,4000.0,0,0,0,1,1,231.37040835301065,2
196.0,6.6,2020.0,16.0,4.0,64.0,5000.0,0,0,0,1,1,231.37040835301065,0
161.0,6.35,2019.0,32.0,6.0,64.0,3500.0,0,0,0,1,1,232.18491446280993,0
164.4,6.39,2019.0,32.0,6.0,128.0,3500.0,0,0,1,1,1,228.18491446280993,1
150.0,5.5,2019.0,8.0,3.0,32.0,3050.0,0,0,0,1,1,225.1733573088843,0
150.0,5.5,2019.0,8.0,2.0,32.0,3050.0,0,0,0,1,1,225.1733573088843,0
203.0,6.52,2021.0,8.0,2.0,32.0,5500.0,0,0,0,1,1,238.5555640495868,0
328.0,6.67,2020.0,16.0,8.0,128.0,5800.0,1,1,0,1,1,238.5555640495868,3
256.3,5.7,2020.0,8.0,4.0,64.0,5080.0,1,0,0,1,1,244.2685715848323,0
324.0,6.3,2020.0,8.0,8.0,128.0,6600.0,1,0,0,1,1,243.11504217306762,2
235.0,5.5,2020.0,5.0,4.0,64.0,5000.0,0,0,0,1,1,233.16268923189114,0
153.0,5.5,2020.0,2.0,2.0,16.0,2700.0,0,0,0,1,1,243.97386570247934,0
282.0,6.1,2020.0,8.0,4.0,64.0,5580.0,1,0,0,1,1,244.58698427456386,0
188.0,6.52,2020.0,8.0,4.0,64.0,4500.0,0,0,1,1,1,238.5555640495868,0
320.0,6.3,2020.0,8.0,8.0,128.0,6600.0,1,0,0,1,1,233.16268923189114,3
153.0,5.5,2020.0,5.0,2.0,16.0,2700.0,0,0,0,1,1,238.5555640495868,0
234.0,5.0,2020.0,5.0,4.0,32.0,4000.0,1,0,0,1,1,238.5555640495868,0
290.0,6.3,2020.0,16.0,4.0,128.0,5500.0,1,0,1,1,1,244.2685715848323,2
234.0,5.0,2020.0,13.0,2.0,16.0,4000.0,1,0,0,1,1,243.11504217306762,0
290.0,6.3,2019.0,16.0,8.0,128.0,5500.0,1,0,1,1,1,238.5555640495868,3
159.0,6.7,2018.0,16.0,8.0,128.0,5000.0,0,0,0,1,1,243.97386570247934,3
168.0,5.65,2018.0,8.0,6.0,128.0,3100.0,1,0,1,1,1,274.7040817591499,3
163.0,5.65,2018.0,8.0,4.0,64.0,3100.0,1,0,1,1,1,275.1992482601131,3
183.0,5.5,2018.0,12.0,4.0,64.0,3400.0,1,0,1,1,1,273.68809538567496,2
165.0,5.2,2018.0,12.0,4.0,64.0,3100.0,1,0,1,1,1,274.7040817591499,1
155.0,5.2,2017.0,8.0,2.0,16.0,3100.0,0,0,1,1,1,274.7040817591499,1
155.0,5.2,2017.0,13.0,3.0,32.0,3100.0,1,0,1,1,1,275.1992482601131,1
183.0,5.5,2017.0,12.0,4.0,64.0,3400.0,1,0,1,1,1,273.68809538567496,2
165.0,5.2,2017.0,12.0,4.0,64.0,3100.0,1,0,1,1,1,279.1781956285342,2
158.0,5.2,2017.0,12.0,4.0,128.0,3100.0,1,0,1,1,1,268.88809538567494,3
153.0,5.2,2017.0,16.0,3.0,32.0,3100.0,1,0,1,1,1,273.68809538567496,2
140.0,5.0,2016.0,8.0,2.0,16.0,3080.0,0,0,0,1,1,274.7040817591499,1
140.0,5.0,2016.0,13.0,2.0,16.0,3080.0,1,0,0,1,1,268.88809538567494,1
139.0,5.0,2016.0,16.0,3.0,32.0,3050.0,0,0,0,1,1,279.1781956285342,2
145.0,5.0,2016.0,16.0,3.0,32.0,3200.0,1,0,1,1,1,272.23928584710745,3
139.0,5.0,2015.0,13.0,2.0,16.0,2850.0,0,0,0,1,1,274.7040817591499,2
148.0,5.0,2015.0,13.0,3.0,32.0,2900.0,0,0,0,1,1,274.7040817591499,2
144.0,5.0,2015.0,13.0,3.0,32.0,3120.0,1,0,0,1,1,274.7040817591499,2
162.0,5.5,2015.0,13.0,3.0,32.0,3620.0,1,0,0,1,1,268.88809538567494,3
115.0,4.5,2015.0,8.0,2.0,16.0,2470.0,0,0,0,1,1,274.7040817591499,1
107.0,4.5,2014.0,5.0,1.0,4.0,1700.0,0,0,0,1,1,246.8604397647807,0
175.0,5.0,2013.0,8.0,1.0,8.0,2100.0,0,0,0,1,1,241.0450551493961,1
161.0,5.0,2013.0,5.0,1.0,4.0,2000.0,0,0,0,1,1,243.53736284170378,0
196.3,5.3,2013.0,8.0,1.0,16.0,2550.0,0,0,0,1,1,236.89120899554993,2
196.3,5.3,2013.0,8.0,1.0,16.0,2550.0,0,0,0,1,1,236.17040835301063,1
221.0,6.8,2020.0,16.0,4.0,128.0,6000.0,1,0,1,1,1,234.98359422714998,0
200.0,6.5,2020.0,8.0,4.0,64.0,5000.0,0,0,0,1,1,224.50075924026686,0
239.0,6.65,2020.0,20.0,16.0,512.0,5000.0,1,1,1,1,0,229.18813314706986,3
239.0,6.65,2020.0,20.0,16.0,512.0,5000.0,1,1,1,1,0,243.8095318600272,3
164.0,6.3,2019.0,16.0,6.0,128.0,4050.0,0,0,1,1,1,241.8330483968934,1
172.0,6.09,2019.0,5.0,3.0,32.0,4000.0,0,0,0,1,1,241.8330483968934,0
236.0,7.0,2019.0,2.0,2.0,32.0,3590.0,0,0,0,1,1,224.50075924026686,0
159.0,6.39,2019.0,16.0,8.0,128.0,4000.0,0,0,1,1,1,240.3375681103969,2
185.0,6.39,2019.0,32.0,12.0,512.0,4000.0,1,1,1,1,1,224.50075924026686,3
164.0,6.3,2019.0,16.0,6.0,128.0,4050.0,1,0,1,1,1,241.8330483968934,1
185.0,6.39,2019.0,32.0,12.0,512.0,4000.0,0,0,1,1,1,224.50075924026686,3
161.0,6.22,2019.0,8.0,4.0,128.0,3300.0,0,0,1,1,1,241.8330483968934,1
195.0,6.95,2019.0,13.0,4.0,64.0,5180.0,0,0,1,1,1,240.3375681103969,2
172.0,6.3,2018.0,16.0,6.0,128.0,3300.0,0,0,1,1,1,224.50075924026686,2
165.0,6.2,2018.0,8.0,6.0,128.0,3300.0,0,0,1,1,1,240.3375681103969,1
176.0,6.0,2018.0,8.0,4.0,64.0,3760.0,0,0,0,1,1,234.98359422714998,1
160.0,5.45,2018.0,13.0,3.0,32.0,4000.0,0,0,0,1,1,234.98359422714998,0
155.0,5.7,2018.0,8.0,3.0,32.0,3000.0,0,0,0,1,1,229.18813314706986,0
160.0,5.7,2018.0,8.0,3.0,32.0,3000.0,0,0,0,1,1,243.8095318600272,0
155.0,5.7,2018.0,13.0,4.0,128.0,3000.0,0,0,0,1,1,240.3375681103969,1
153.8,5.7,2017.0,8.0,3.0,32.0,3000.0,0,0,0,1,1,240.3375681103969,1
254.0,7.0,2017.0,2.0,1.0,16.0,3500.0,0,0,0,1,1,240.3375681103969,0
260.0,7.0,2017.0,5.0,2.0,16.0,3500.0,0,0,0,1,0,243.8095318600272,0
165.0,5.2,2017.0,8.0,4.0,32.0,4000.0,0,0,0,1,1,234.98359422714998,1
165.0,5.2,2017.0,13.0,3.0,32.0,4000.0,0,0,0,1,1,240.3375681103969,1
180.0,5.5,2017.0,13.0,4.0,64.0,4000.0,0,0,0,1,1,241.8330483968934,1
160.0,5.5,2016.0,13.0,6.0,64.0,3100.0,0,0,1,1,0,224.50075924026686,3
142.0,5.0,2016.0,8.0,2.0,16.0,2300.0,0,0,0,1,1,234.98359422714998,0
142.0,5.0,2016.0,8.0,1.0,16.0,2300.0,0,0,0,1,1,243.8095318600272,0
144.0,4.5,2016.0,5.0,1.0,8.0,2000.0,0,0,0,1,1,240.3375681103969,0
146.0,4.5,2016.0,5.0,1.0,8.0,2000.0,0,0,0,1,1,234.98359422714998,0
177.0,5.5,2016.0,13.0,4.0,64.0,5100.0,1,0,1,1,1,234.98359422714998,2
169.0,5.5,2016.0,16.0,4.0,32.0,4000.0,0,0,0,1,1,224.50075924026686,2
145.0,5.0,2016.0,13.0,3.0,32.0,4000.0,0,0,0,1,1,243.8095318600272,1
140.0,5.0,2016.0,13.0,2.0,32.0,3000.0,0,0,0,1,1,243.8095318600272,1
155.6,5.0,2016.0,8.0,2.0,16.0,3500.0,0,0,0,1,1,234.98359422714998,1
139.0,5.0,2016.0,8.0,1.0,16.0,2750.0,0,0,0,1,1,224.50075924026686,1
218.0,6.4,2016.0,13.0,3.0,32.0,4050.0,0,0,1,1,1,229.18813314706986,2
225.0,6.4,2016.0,13.0,3.0,32.0,4050.0,0,0,0,1,1,229.18813314706986,2
259.0,6.4,2016.0,16.0,4.0,64.0,4050.0,0,0,1,1,1,240.3375681103969,3
149.0,5.0,2016.0,13.0,4.0,64.0,3500.0,0,0,1,1,0,234.98359422714998,2
166.0,5.0,2016.0,5.0,1.0,8.0,2300.0,0,0,0,1,1,234.98359422714998,0
145.0,5.2,2016.0,13.0,6.0,128.0,3100.0,0,0,1,1,0,229.18813314706986,3
260.0,7.0,2016.0,2.0,1.0,16.0,3450.0,0,0,0,1,1,229.18813314706986,0
142.0,5.0,2016.0,13.0,2.0,16.0,2750.0,0,0,0,1,1,243.8095318600272,1
142.0,5.0,2016.0,13.0,2.0,16.0,2750.0,0,0,0,1,1,241.8330483968934,0
150.0,5.5,2016.0,13.0,2.0,16.0,2900.0,0,0,0,1,1,224.50075924026686,1
189.0,5.5,2016.0,13.0,3.0,32.0,4900.0,1,0,1,1,1,229.18813314706986,2
165.0,5.5,2016.0,13.0,4.0,32.0,3500.0,0,0,1,1,1,229.18813314706986,1
142.0,5.0,2016.0,13.0,2.0,16.0,2750.0,0,0,0,1,1,234.98359422714998,0
129.0,5.0,2016.0,13.0,2.0,16.0,2700.0,0,0,0,1,1,243.8095318600272,2
158.0,5.5,2016.0,13.0,3.0,32.0,3300.0,1,0,0,1,1,241.8330483968934,1
175.0,5.5,2015.0,21.0,3.0,64.0,3500.0,1,0,0,1,1,234.98359422714998,3
140.0,5.0,2015.0,8.0,1.0,8.0,2300.0,0,0,0,1,1,243.8095318600272,0
132.0,4.0,2015.0,5.0,1.0,8.0,2000.0,0,0,0,1,1,243.8095318600272,0
250.0,6.98,2015.0,13.0,1.0,16.0,4250.0,0,0,1,1,1,224.50075924026686,1
229.0,6.8,2015.0,13.0,2.0,32.0,3500.0,0,0,0,1,1,243.8095318600272,2
189.0,5.5,2015.0,13.0,2.0,32.0,5000.0,1,0,1,1,1,229.18813314706986,3
128.0,5.0,2015.0,13.0,2.0,16.0,2300.0,0,0,0,1,1,234.98359422714998,1
128.0,5.0,2015.0,8.0,1.0,8.0,2300.0,0,0,0,1,1,229.18813314706986,1
148.0,5.0,2015.0,8.0,2.0,16.0,4000.0,0,0,0,1,1,229.18813314706986,0
132.0,5.0,2015.0,13.0,3.0,32.0,2420.0,0,0,1,1,1,243.8095318600272,2
175.0,5.5,2015.0,13.0,3.0,64.0,4100.0,0,0,1,1,0,243.8095318600272,3
137.0,4.5,2015.0,5.0,1.0,8.0,2000.0,0,0,0,1,1,241.8330483968934,0
158.0,5.5,2015.0,13.0,4.0,64.0,4000.0,1,0,1,1,0,240.3375681103969,2
128.0,5.0,2015.0,13.0,2.0,8.0,2150.0,0,0,0,1,1,234.98359422714998,2
128.0,5.0,2015.0,8.0,2.0,16.0,2300.0,0,0,0,1,1,243.8095318600272,0
150.0,5.5,2015.0,13.0,2.0,16.0,3000.0,0,0,0,1,1,243.8095318600272,1
145.0,5.0,2015.0,16.0,3.0,32.0,3000.0,0,0,0,1,1,241.8330483968934,3
140.0,5.5,2015.0,13.0,2.0,16.0,2900.0,0,0,0,1,1,241.8330483968934,1
140.0,5.5,2015.0,8.0,2.0,8.0,2900.0,0,0,0,1,1,234.98359422714998,1
160.0,5.0,2015.0,8.0,1.0,8.0,4000.0,0,0,0,1,1,234.98359422714998,1
149.0,5.0,2015.0,13.0,2.0,16.0,4000.0,0,0,0,1,1,241.8330483968934,2
269.0,7.0,2015.0,2.0,1.0,16.0,3450.0,0,0,0,1,1,234.98359422714998,0
269.0,7.0,2015.0,2.0,1.0,16.0,3450.0,0,0,0,1,1,229.18813314706986,0
128.0,5.0,2015.0,8.0,1.0,8.0,2300.0,0,0,0,1,1,240.3375681103969,0
156.0,5.5,2015.0,13.0,2.0,32.0,4000.0,0,0,0,1,0,234.98359422714998,3
140.0,5.3,2015.0,13.0,2.0,32.0,2410.0,0,0,0,1,1,243.8095318600272,3
128.0,5.0,2014.0,8.0,1.0,16.0,2300.0,0,0,1,1,1,234.98359422714998,0
170.0,6.0,2014.0,13.0,1.0,8.0,3300.0,0,0,1,1,1,234.98359422714998,1
173.0,5.5,2014.0,13.0,1.0,8.0,2500.0,0,0,0,1,1,234.98359422714998,1
175.0,5.5,2014.0,8.0,1.0,8.0,2500.0,0,0,0,1,1,224.50075924026686,2
129.0,5.0,2014.0,8.0,1.0,8.0,2150.0,0,0,0,1,1,241.8330483968934,1
129.0,5.0,2014.0,13.0,2.0,32.0,2300.0,1,0,0,1,0,234.98359422714998,2
170.0,5.0,2014.0,8.0,1.0,8.0,2000.0,0,0,0,1,1,234.98359422714998,0
120.0,5.0,2014.0,13.0,2.0,32.0,2300.0,0,0,0,1,0,234.98359422714998,2
158.0,5.5,2014.0,13.0,2.0,32.0,3000.0,0,0,0,1,0,240.3375681103969,3
161.0,5.5,2014.0,5.0,1.0,4.0,2500.0,0,0,0,1,1,240.3375681103969,1
179.0,6.0,2014.0,16.0,3.0,32.0,4000.0,1,0,0,1,0,241.8330483968934,3
180.0,5.0,2014.0,13.0,2.0,16.0,2500.0,0,0,0,1,1,243.8095318600272,1
146.0,5.3,2014.0,13.0,2.0,16.0,2000.0,0,0,0,1,1,243.8095318600272,1
171.5,6.0,2014.0,8.0,1.0,8.0,3000.0,0,0,0,1,1,234.98359422714998,1
145.0,4.5,2014.0,8.0,1.0,4.0,2000.0,0,0,0,1,1,234.98359422714998,1
192.0,6.0,2014.0,8.0,1.0,8.0,2500.0,0,0,0,1,1,234.98359422714998,0
165.0,5.0,2014.0,5.0,1.0,4.0,2000.0,0,0,0,1,1,240.3375681103969,0
148.0,5.0,2014.0,5.0,1.0,8.0,2000.0,0,0,0,1,1,241.8330483968934,0
145.0,4.5,2014.0,5.0,1.0,4.0,2000.0,0,0,0,1,1,243.8095318600272,0
320.0,7.0,2014.0,5.0,1.0,16.0,3450.0,0,0,0,1,1,224.50075924026686,0
327.0,7.0,2014.0,2.0,1.0,8.0,3500.0,0,0,0,1,1,234.98359422714998,0
190.0,5.3,2014.0,8.0,2.0,16.0,4000.0,0,0,0,1,0,241.8330483968934,2
140.0,5.0,2014.0,13.0,1.0,16.0,2000.0,0,0,0,1,0,240.3375681103969,1
151.0,4.7,2014.0,8.0,1.0,8.0,3000.0,0,0,0,1,1,224.50075924026686,1
196.0,6.0,2014.0,5.0,1.0,8.0,2500.0,0,0,0,1,1,241.8330483968934,0
163.3,5.0,2014.0,8.0,1.0,8.0,2250.0,0,0,0,1,1,241.8330483968934,1
170.0,6.0,2013.0,8.0,1.0,8.0,3000.0,0,0,0,1,1,224.50075924026686,2
126.0,4.7,2013.0,8.0,1.0,8.0,2000.0,0,0,1,1,1,224.50075924026686,2
145.2,5.5,2013.0,13.0,2.0,16.0,3000.0,0,0,0,1,0,224.50075924026686,3
121.0,5.0,2013.0,13.0,2.0,32.0,2000.0,0,0,0,1,0,224.50075924026686,3
244.9,7.0,2013.0,5.0,1.0,16.0,3450.0,0,0,0,1,0,243.8095318600272,0
184.0,5.5,2013.0,5.0,1.0,4.0,2250.0,0,0,0,1,1,240.3375681103969,1
130.0,4.5,2013.0,5.0,1.0,4.0,2000.0,0,0,0,1,1,229.18813314706986,1
176.0,5.0,2013.0,8.0,1.0,8.0,4000.0,0,0,1,1,1,243.8095318600272,1
143.0,4.7,2013.0,12.0,1.0,8.0,2000.0,0,0,0,1,1,240.3375681103969,2
159.0,5.3,2013.0,8.0,1.0,4.0,2250.0,0,0,0,1,1,241.8330483968934,2
339.0,7.0,2013.0,5.0,1.0,16.0,3500.0,0,0,0,1,1,243.8095318600272,1
162.0,5.5,2013.0,13.0,2.0,32.0,2500.0,0,0,0,1,0,240.3375681103969,3
176.0,5.0,2013.0,8.0,1.0,4.0,2250.0,0,0,0,1,1,224.50075924026686,2
400.0,7.0,2013.0,3.15,1.0,16.0,3550.0,0,0,0,1,1,234.98359422714998,1
165.4,5.0,2013.0,8.0,1.0,4.0,2250.0,0,0,0,1,1,240.3375681103969,1
151.0,4.5,2013.0,8.0,1.0,4.0,2000.0,0,0,0,1,1,240.3375681103969,0
100.0,4.7,2014.0,8.0,1.0,8.0,1800.0,0,0,0,1,1,194.4609891131596,0
120.0,4.0,2014.0,5.0,1.0,4.0,1400.0,0,0,0,1,1,202.8175325882795,0
140.0,4.3,2013.0,8.0,1.0,8.0,1810.0,0,0,0,1,1,201.3448053155522,1
320.0,7.0,2013.0,5.0,1.0,16.0,4100.0,0,0,0,1,1,202.8175325882795,1
116.0,4.0,2013.0,5.0,1.0,4.0,1450.0,0,0,0,1,1,201.98198769313692,0
143.5,4.5,2013.0,8.0,1.0,4.0,2100.0,0,0,0,1,1,202.8175325882795,0
180.0,5.5,2013.0,13.0,1.0,8.0,2600.0,0,0,0,1,1,202.8175325882795,1
138.0,4.7,2013.0,8.0,1.0,4.0,1800.0,0,0,0,1,1,201.3448053155522,0
151.3,4.5,2013.0,8.0,1.0,4.0,2400.0,0,0,0,1,1,197.61607153925624,0
338.0,7.0,2013.0,2.0,1.0,8.0,4000.0,0,0,0,1,1,200.573292040963,0
158.0,5.0,2013.0,13.0,1.0,16.0,2500.0,0,0,0,1,0,197.61607153925624,1
167.0,4.7,2013.0,8.0,1.0,4.0,2000.0,0,0,0,1,1,201.3448053155522,1
140.0,4.7,2013.0,8.0,1.0,8.0,1900.0,0,0,0,1,1,200.573292040963,1
150.0,4.3,2013.0,5.0,1.0,4.0,2000.0,0,0,0,1,1,201.98198769313692,1
171.1,5.0,2013.0,8.0,1.0,4.0,2100.0,0,0,0,1,1,201.98198769313692,1
143.5,4.5,2013.0,8.0,1.0,4.0,2100.0,0,0,0,1,1,200.573292040963,0
151.3,4.5,2013.0,5.0,1.0,4.0,2400.0,0,0,0,1,1,201.3448053155522,0
225.1,6.5,2020.0,8.0,12.0,512.0,4000.0,1,1,1,1,1,264.38353634331395,3
163.0,6.1,2020.0,8.0,8.0,256.0,4000.0,1,1,1,1,1,257.57991433884297,3
181.4,6.5,2020.0,8.0,12.0,256.0,4000.0,1,1,1,1,1,264.38353634331395,3
151.0,6.0,2020.0,8.0,4.0,128.0,3600.0,1,0,1,1,1,264.38353634331395,3
178.0,6.2,2020.0,8.0,3.0,64.0,3580.0,1,0,1,1,1,271.67107147965675,1
164.0,6.1,2019.0,8.0,6.0,128.0,3140.0,1,0,1,1,1,262.45211433884305,3
178.0,6.5,2019.0,8.0,6.0,128.0,3330.0,1,0,1,1,1,264.38353634331395,3
180.0,6.5,2019.0,8.0,6.0,64.0,3000.0,1,0,1,1,1,268.4874107696281,3
162.0,6.0,2019.0,8.0,4.0,64.0,2870.0,1,0,1,1,1,262.45211433884305,2
156.0,5.7,2019.0,8.0,3.0,32.0,3300.0,1,0,1,1,1,264.38353634331395,1
205.0,6.0,2018.0,23.0,6.0,64.0,3580.0,1,0,0,1,1,262.45211433884305,2
193.0,6.0,2018.0,19.0,6.0,64.0,3300.0,1,0,1,1,1,262.27547623966944,3
236.0,5.8,2018.0,13.0,6.0,64.0,3540.0,1,0,1,1,1,264.38353634331395,3
198.0,5.7,2018.0,19.0,6.0,64.0,3180.0,1,0,1,1,1,271.67107147965675,3
168.0,5.0,2018.0,19.0,4.0,64.0,2870.0,1,0,1,1,1,262.27547623966944,3
221.0,6.0,2018.0,23.0,4.0,64.0,3580.0,1,0,1,1,1,257.57991433884297,2
171.0,5.2,2018.0,23.0,3.0,32.0,3300.0,1,0,0,1,1,264.38353634331395,1
178.0,5.5,2018.0,13.0,3.0,32.0,3300.0,1,0,0,1,1,262.27547623966944,1
154.0,5.2,2017.0,13.0,3.0,32.0,2620.0,0,0,0,1,1,264.38353634331395,1
155.0,5.2,2017.0,19.0,4.0,64.0,2700.0,1,0,1,1,1,268.4874107696281,2
189.0,5.5,2017.0,23.0,4.0,32.0,3430.0,1,0,0,1,1,268.4874107696281,1
140.0,4.6,2017.0,19.0,4.0,32.0,2700.0,1,0,1,1,1,264.38353634331395,3
180.0,5.5,2017.0,13.0,2.0,16.0,2620.0,1,0,0,1,1,271.67107147965675,0
161.0,5.2,2017.0,19.0,4.0,64.0,2900.0,1,0,1,1,1,264.38353634331395,2
195.0,5.46,2017.0,19.0,4.0,64.0,3230.0,1,0,1,1,1,257.57991433884297,3
188.0,6.0,2017.0,23.0,4.0,64.0,2700.0,1,0,1,1,1,262.45211433884305,2
143.0,5.0,2017.0,23.0,3.0,32.0,2300.0,1,0,1,1,1,268.4874107696281,1
135.0,4.6,2016.0,23.0,3.0,32.0,2700.0,1,0,1,1,1,264.38353634331395,2
161.0,5.2,2016.0,23.0,3.0,64.0,2900.0,1,0,1,1,1,262.45211433884305,2
147.0,5.0,2016.0,13.0,1.5,16.0,2300.0,1,0,0,1,1,268.4874107696281,0
202.0,6.0,2016.0,21.5,3.0,16.0,2700.0,1,0,0,1,1,262.45211433884305,2
164.4,5.0,2016.0,23.0,3.0,64.0,2700.0,1,0,1,1,1,262.45211433884305,1
153.0,5.0,2016.0,23.0,3.0,64.0,2620.0,1,0,1,1,1,264.38353634331395,1
137.4,5.0,2016.0,13.0,2.0,16.0,2300.0,1,0,0,1,1,264.38353634331395,1
137.4,5.0,2016.0,13.0,2.0,16.0,2300.0,1,0,0,1,1,271.67107147965675,0
180.0,5.5,2015.0,23.0,3.0,32.0,3430.0,1,0,1,1,1,262.45211433884305,2
180.0,5.5,2015.0,23.0,3.0,32.0,3430.0,1,0,1,1,1,262.45211433884305,1
154.0,5.2,2015.0,23.0,3.0,32.0,2900.0,1,0,1,1,1,268.4874107696281,1
154.0,5.2,2015.0,23.0,3.0,32.0,2900.0,1,0,1,1,1,271.67107147965675,1
138.0,4.6,2015.0,23.0,2.0,32.0,2700.0,1,0,1,1,1,271.67107147965675,1
142.6,5.0,2015.0,21.2,3.0,16.0,2600.0,1,0,1,1,1,271.67107147965675,0
142.5,5.0,2015.0,21.2,3.0,16.0,2600.0,1,0,1,1,1,264.38353634331395,0
187.0,6.0,2015.0,13.0,2.0,16.0,2930.0,1,0,0,1,1,262.27547623966944,1
144.0,5.2,2015.0,20.7,3.0,32.0,2930.0,1,0,1,1,1,264.38353634331395,3
144.0,5.2,2015.0,20.7,3.0,32.0,2930.0,1,0,1,1,1,271.67107147965675,2
147.0,5.5,2015.0,13.0,2.0,16.0,2600.0,1,0,0,1,1,257.57991433884297,2
147.0,5.5,2015.0,13.0,2.0,16.0,2600.0,1,0,0,1,1,257.57991433884297,2
135.0,5.0,2015.0,13.0,2.0,16.0,2400.0,1,0,1,1,1,257.57991433884297,1
136.0,5.0,2015.0,13.0,2.0,16.0,2400.0,1,0,1,1,1,268.4874107696281,1
135.0,4.7,2015.0,5.0,1.0,8.0,2300.0,1,0,1,1,1,257.57991433884297,0
135.0,4.7,2015.0,5.0,1.0,8.0,2300.0,0,0,1,1,1,268.4874107696281,1
144.0,5.0,2015.0,5.0,1.0,8.0,2300.0,0,0,0,1,1,268.4874107696281,0
143.8,4.5,2014.0,5.0,1.0,4.0,2330.0,1,0,0,1,1,262.27547623966944,1
143.8,4.5,2014.0,5.0,1.0,4.0,2330.0,1,0,0,1,1,264.38353634331395,1
152.0,5.2,2014.0,20.7,3.0,32.0,3100.0,1,0,1,1,1,268.4874107696281,3
170.6,5.2,2014.0,20.7,3.0,32.0,3200.0,1,0,1,1,1,264.38353634331395,3
152.0,5.2,2014.0,20.7,3.0,32.0,3100.0,1,0,1,1,1,264.38353634331395,1
149.0,4.8,2014.0,8.0,1.0,8.0,2300.0,1,0,1,1,1,257.57991433884297,1
129.0,4.6,2014.0,20.7,2.0,16.0,2600.0,1,0,1,1,1,268.4874107696281,3
149.7,5.5,2014.0,8.0,1.0,8.0,2500.0,1,0,0,1,1,268.4874107696281,2
149.7,5.5,2014.0,8.0,1.0,8.0,2500.0,1,0,0,1,1,268.4874107696281,1
163.0,5.0,2014.0,20.7,3.0,16.0,3000.0,1,0,1,1,1,264.38353634331395,2
148.0,5.3,2014.0,8.0,1.0,8.0,2500.0,1,0,1,1,1,257.57991433884297,1
148.0,4.8,2014.0,8.0,1.0,8.0,2300.0,1,0,1,1,1,257.57991433884297,1
148.0,4.8,2014.0,8.0,1.0,8.0,2300.0,1,0,1,1,1,257.57991433884297,1
163.0,5.2,2014.0,20.7,3.0,16.0,3200.0,1,0,1,1,1,271.67107147965675,2
171.8,6.0,2014.0,13.0,1.0,8.0,3000.0,1,0,1,1,1,264.38353634331395,2
171.7,6.0,2014.0,13.0,1.0,8.0,3000.0,1,0,1,1,1,264.38353634331395,2
162.0,5.0,2014.0,20.7,2.0,32.0,3000.0,1,0,1,1,1,262.27547623966944,2
137.0,4.3,2014.0,20.7,2.0,16.0,2300.0,1,0,1,1,1,264.38353634331395,3
170.0,5.0,2013.0,20.7,2.0,16.0,3000.0,1,0,1,1,1,264.38353634331395,3
212.0,6.4,2013.0,8.0,2.0,16.0,3050.0,1,0,1,1,1,264.38353634331395,2
153.0,5.0,2013.0,8.0,1.0,4.0,2390.0,0,0,0,1,1,262.27547623966944,2
115.0,4.0,2013.0,5.0,1.0,4.0,1750.0,1,0,1,1,1,264.38353634331395,0
138.0,4.55,2013.0,13.1,2.0,8.0,2300.0,1,0,1,1,1,262.45211433884305,2
137.0,4.3,2013.0,8.0,1.0,8.0,1750.0,1,0,1,1,1,264.38353634331395,0
155.0,4.6,2013.0,8.0,1.0,8.0,2370.0,1,0,1,1,1,262.45211433884305,1
146.0,5.0,2013.0,13.1,2.0,16.0,2330.0,1,0,1,1,1,264.38353634331395,2
151.0,5.0,2013.0,13.0,2.0,16.0,2370.0,1,0,1,1,1,264.38353634331395,2
260.0,7.0,2016.0,13.0,2.0,32.0,3400.0,0,0,0,1,1,208.28742867768597,1
169.0,5.5,2016.0,13.0,3.0,32.0,4080.0,0,0,0,1,1,202.17091846221962,2
126.0,5.0,2016.0,8.0,1.0,8.0,2000.0,0,0,0,1,1,216.05873025711662,0
166.0,5.5,2015.0,13.0,3.0,32.0,4020.0,0,0,0,1,1,208.1686814208519,2
125.0,5.0,2016.0,8.0,1.0,8.0,2000.0,0,0,0,1,1,204.55437796587577,0
150.0,5.5,2015.0,21.0,3.0,32.0,2870.0,0,0,1,1,1,208.28742867768597,2
142.0,4.5,2015.0,5.0,1.0,8.0,2000.0,0,0,0,1,1,211.42806131936248,0
142.0,4.5,2015.0,5.0,1.0,8.0,2000.0,0,0,0,1,1,204.55437796587577,0
165.0,5.5,2015.0,8.0,2.0,16.0,4000.0,0,0,0,1,1,204.55437796587577,1
145.0,5.0,2015.0,8.0,2.0,16.0,2420.0,0,0,0,1,1,208.28742867768597,1
110.0,5.0,2015.0,13.0,2.0,16.0,2300.0,0,0,0,1,1,204.55437796587577,1
118.0,5.0,2015.0,8.0,2.0,16.0,2000.0,0,0,0,1,1,208.1686814208519,0
120.0,4.0,2015.0,5.0,1.0,8.0,1300.0,0,0,0,1,1,216.05873025711662,0
119.0,4.0,2015.0,5.0,1.0,8.0,1300.0,0,0,0,1,1,216.05873025711662,0
145.0,4.5,2015.0,5.0,2.0,16.0,2000.0,0,0,0,1,1,211.42806131936248,0
116.0,5.0,2014.0,13.0,2.0,16.0,2300.0,0,0,0,1,1,204.55437796587577,1
150.0,5.0,2014.0,8.0,2.0,16.0,2000.0,0,0,0,1,1,211.42806131936248,1
164.0,5.7,2014.0,13.0,2.0,16.0,2700.0,0,0,0,1,1,204.55437796587577,2
110.0,5.0,2014.0,13.0,2.0,16.0,2100.0,0,0,0,1,1,216.05873025711662,1
155.0,5.0,2014.0,8.0,2.0,16.0,3500.0,0,0,0,1,1,202.17091846221962,1
155.0,5.0,2014.0,8.0,2.0,16.0,2500.0,0,0,0,1,1,208.28742867768597,1
298.0,7.0,2014.0,2.0,1.0,16.0,3400.0,0,0,0,1,1,208.28742867768597,0
298.0,7.0,2014.0,5.0,1.0,16.0,3400.0,0,0,0,1,1,208.1686814208519,1
134.0,4.7,2014.0,13.0,1.0,4.0,2500.0,0,0,0,1,1,208.28742867768597,1
229.0,6.0,2013.0,13.0,2.0,16.0,3300.0,1,0,1,1,1,204.55437796587577,3
195.0,5.7,2013.0,8.0,1.0,8.0,2400.0,0,0,0,1,1,204.55437796587577,3
140.0,4.5,2013.0,8.0,1.0,4.0,2000.0,0,0,0,1,1,208.1686814208519,1
140.0,4.3,2013.0,8.0,1.0,4.0,2000.0,0,0,0,1,1,202.17091846221962,1
130.0,4.5,2013.0,5.0,1.0,4.0,1760.0,1,0,0,1,1,208.1686814208519,1
295.0,7.0,2017.0,2.0,1.0,16.0,2980.0,0,0,1,0,1,247.56233790383175,0
313.0,7.0,2015.0,2.0,1.0,8.0,2980.0,0,0,0,0,1,266.9185716942149,0
160.0,4.7,2014.0,13.0,2.0,64.0,2400.0,1,0,1,1,0,247.56233790383175,1
190.0,6.5,2020.0,8.0,2.0,32.0,4000.0,0,0,0,1,1,172.71171433884302,0
173.0,5.7,2020.0,8.0,1.0,32.0,3000.0,0,0,0,1,1,167.09665182722108,0
227.0,6.0,2020.0,8.0,1.0,32.0,4000.0,0,0,0,1,1,167.09665182722108,0
167.0,5.7,2020.0,8.0,1.0,16.0,3000.0,0,0,0,1,1,167.09665182722108,0
150.0,5.0,2020.0,8.0,1.0,16.0,2200.0,0,0,0,1,1,172.71171433884302,0
230.0,6.0,2020.0,8.0,1.0,16.0,4000.0,0,0,0,1,1,172.71171433884302,0
180.0,6.2,2020.0,13.0,2.0,32.0,4000.0,0,0,0,1,1,167.09665182722108,0
190.0,5.5,2020.0,13.0,2.0,32.0,4000.0,0,0,0,1,1,167.09665182722108,0
215.0,6.5,2020.0,32.0,4.0,128.0,5100.0,0,0,0,1,1,172.71171433884302,1
169.0,5.0,2020.0,8.0,1.0,16.0,2100.0,0,0,0,1,1,173.79246758076638,0
185.0,6.5,2020.0,13.0,4.0,64.0,4000.0,0,0,0,1,1,173.79246758076638,0
185.0,6.5,2020.0,13.0,3.0,64.0,4000.0,0,0,0,1,1,173.79246758076638,0
144.0,5.0,2020.0,8.0,1.0,8.0,2000.0,0,0,0,1,1,172.71171433884302,0
185.0,6.0,2019.0,8.0,1.0,32.0,2800.0,0,0,0,1,1,172.71171433884302,0
158.0,5.5,2019.0,8.0,1.0,32.0,2200.0,0,0,0,1,1,167.61105126305944,0
146.0,5.0,2019.0,5.0,1.0,32.0,2000.0,0,0,0,1,1,167.76337667167542,0
178.0,5.5,2020.0,8.0,2.0,32.0,4200.0,0,0,0,1,1,167.09665182722108,0
182.0,6.4,2020.0,8.0,2.0,32.0,4000.0,0,0,0,1,1,173.79246758076638,0
170.0,6.1,2020.0,13.0,3.0,64.0,4000.0,0,0,0,1,1,167.09665182722108,0
158.0,5.5,2019.0,8.0,1.0,16.0,2200.0,0,0,0,1,1,167.09665182722108,0
146.0,5.0,2019.0,5.0,1.0,16.0,2000.0,0,0,0,1,1,173.79246758076638,0
185.0,6.0,2019.0,8.0,1.0,16.0,2800.0,0,0,0,1,1,167.09665182722108,0
182.0,6.4,2019.0,13.0,4.0,128.0,3500.0,0,0,0,1,1,167.09665182722108,1
187.0,5.5,2019.0,13.0,2.0,32.0,3000.0,0,0,0,1,1,167.61105126305944,0
181.0,6.0,2019.0,13.0,2.0,32.0,3000.0,0,0,0,1,1,172.4789757913613,0
165.0,6.3,2019.0,13.0,4.0,64.0,4000.0,0,0,0,1,1,172.71171433884302,1
153.0,5.0,2019.0,5.0,1.0,8.0,2000.0,0,0,0,1,1,172.4789757913613,0
203.0,5.5,2019.0,8.0,1.0,16.0,2500.0,0,0,0,1,1,167.76337667167542,0
178.0,6.2,2019.0,8.0,2.0,16.0,3000.0,0,0,0,1,1,167.09665182722108,0
155.0,6.0,2018.0,5.0,1.0,16.0,2600.0,0,0,0,1,1,167.61105126305944,0
178.0,6.2,2018.0,13.0,3.0,32.0,4000.0,0,0,0,1,1,167.61105126305944,1
155.0,6.0,2018.0,8.0,1.0,16.0,2600.0,0,0,0,1,1,167.76337667167542,0
187.0,5.9,2018.0,16.0,3.0,32.0,3000.0,0,0,0,1,1,167.76337667167542,1
199.0,6.2,2018.0,16.0,6.0,128.0,3050.0,0,0,0,1,1,172.71171433884302,3
145.0,5.0,2018.0,5.0,1.0,8.0,2000.0,0,0,0,1,1,173.79246758076638,0
126.0,5.2,2018.0,8.0,1.0,16.0,2000.0,0,0,0,1,1,172.4789757913613,0
167.0,5.5,2018.0,8.0,1.0,16.0,2500.0,0,0,0,1,1,172.71171433884302,0
154.0,5.34,2018.0,8.0,1.0,16.0,2500.0,0,0,0,1,1,167.09665182722108,0
184.0,5.7,2018.0,13.0,3.0,32.0,3000.0,0,0,0,1,1,172.4789757913613,0
159.0,5.5,2018.0,8.0,1.0,8.0,2850.0,0,0,0,1,1,167.09665182722108,0
143.0,5.5,2018.0,13.0,3.0,32.0,3000.0,0,0,0,1,1,167.76337667167542,1
173.0,6.0,2018.0,13.0,2.0,16.0,4000.0,0,0,0,1,1,167.09665182722108,1
169.0,6.0,2018.0,13.0,3.0,32.0,3000.0,0,0,0,1,1,172.4789757913613,1
140.0,5.0,2018.0,8.0,2.0,16.0,2000.0,0,0,0,1,1,167.09665182722108,0
160.0,5.5,2018.0,12.0,2.0,16.0,3000.0,0,0,0,1,1,167.61105126305944,0
174.0,5.7,2018.0,13.0,1.0,16.0,3000.0,0,0,0,1,1,172.71171433884302,0
180.0,5.5,2017.0,13.0,4.0,64.0,4010.0,0,0,0,1,1,173.79246758076638,2
152.0,5.0,2017.0,13.0,4.0,64.0,3000.0,0,0,0,1,1,167.09665182722108,1
150.0,5.0,2016.0,8.0,1.0,16.0,2000.0,0,0,0,1,1,172.4789757913613,0
207.0,6.0,2015.0,24.0,3.0,64.0,3500.0,1,0,0,1,1,167.09665182722108,3
177.0,6.0,2015.0,8.0,1.0,8.0,3000.0,0,0,0,1,1,172.71171433884302,0
180.0,5.0,2015.0,8.0,1.0,8.0,5000.0,0,0,0,1,1,167.61105126305944,1
154.0,5.0,2015.0,8.0,1.0,8.0,2100.0,0,0,0,1,1,167.76337667167542,0
97.0,4.8,2015.0,8.0,1.0,16.0,2100.0,0,0,0,1,0,167.09665182722108,1
177.0,6.0,2014.0,13.0,2.0,16.0,3200.0,0,0,0,1,1,167.09665182722108,2
164.0,5.0,2014.0,13.0,1.0,8.0,2200.0,0,0,0,1,1,167.61105126305944,1
299.0,7.0,2014.0,5.0,1.0,8.0,3000.0,0,0,0,1,1,172.4789757913613,0
139.0,5.0,2014.0,8.0,1.0,8.0,2200.0,0,0,0,1,1,167.61105126305944,1
166.0,5.0,2014.0,8.0,1.0,4.0,2000.0,0,0,0,1,1,167.09665182722108,0
129.0,5.0,2014.0,13.0,2.0,16.0,2300.0,0,0,1,1,0,167.61105126305944,2
136.0,5.0,2014.0,8.0,1.0,8.0,2000.0,0,0,1,1,1,172.4789757913613,1
152.0,5.5,2014.0,16.0,3.0,32.0,2500.0,1,0,1,1,0,167.76337667167542,2
206.0,6.0,2014.0,8.0,1.0,4.0,3000.0,0,0,0,1,1,172.4789757913613,1
155.0,5.0,2014.0,8.0,1.0,4.0,2000.0,0,0,0,1,1,167.09665182722108,0
166.0,5.5,2014.0,8.0,1.0,4.0,2350.0,0,0,0,1,1,167.09665182722108,0
149.0,4.5,2014.0,8.0,1.0,16.0,3000.0,0,0,0,1,0,173.79246758076638,1
135.0,4.8,2014.0,8.0,1.0,16.0,2000.0,0,0,0,1,0,172.4789757913613,1
109.0,4.7,2014.0,8.0,1.0,4.0,1800.0,0,0,0,1,1,167.09665182722108,0
133.0,5.0,2014.0,13.0,2.0,32.0,2000.0,0,0,0,1,0,172.4789757913613,2
144.0,5.0,2014.0,12.0,1.0,4.0,2000.0,0,0,0,1,1,167.09665182722108,1
125.0,4.7,2013.0,8.0,1.0,16.0,1800.0,0,0,0,1,1,167.76337667167542,1
128.0,5.0,2013.0,13.0,2.0,32.0,2020.0,0,0,0,1,0,172.71171433884302,2
158.0,5.0,2013.0,12.0,1.0,16.0,2500.0,0,0,0,1,0,167.09665182722108,2
184.0,5.5,2013.0,5.0,1.0,4.0,2250.0,0,0,0,1,1,172.71171433884302,0
190.0,5.3,2013.0,8.0,1.0,4.0,2800.0,0,0,1,1,1,173.79246758076638,0
170.0,5.0,2013.0,8.0,1.0,4.0,2000.0,0,0,0,1,1,167.09665182722108,0
220.0,5.7,2013.0,12.0,1.0,16.0,2600.0,0,0,0,1,0,167.09665182722108,2
145.0,5.0,2013.0,13.0,1.0,16.0,2000.0,0,0,0,1,1,167.61105126305944,2
125.0,4.7,2013.0,8.0,1.0,4.0,1800.0,0,0,0,1,1,167.09665182722108,1
243.0,5.7,2013.0,8.0,1.0,4.0,2800.0,0,0,0,1,1,172.71171433884302,2
148.0,4.5,2013.0,8.0,1.0,16.0,1800.0,0,0,0,1,0,167.61105126305944,2
145.0,4.5,2013.0,5.0,1.0,4.0,1800.0,0,0,0,1,1,167.76337667167542,1
248.0,5.7,2020.0,8.0,6.0,128.0,4000.0,1,0,1,1,1,378.10571446280994,3
210.0,5.65,2019.0,12.0,4.0,64.0,3100.0,1,0,1,1,1,378.10571446280994,3
218.0,5.0,2017.0,13.0,3.0,32.0,5000.0,0,0,0,1,1,359.45699446281,3
200.0,4.7,2017.0,8.0,2.0,16.0,4000.0,0,0,0,1,1,400.947495385675,3
250.0,5.2,2018.0,16.0,4.0,64.0,4500.0,1,0,1,1,1,359.45699446281,3
223.0,4.7,2016.0,13.0,3.0,32.0,3800.0,1,0,0,1,1,377.49093230888434,3
181.0,4.5,2015.0,5.0,1.0,8.0,3000.0,0,0,0,1,1,359.45699446281,3
185.0,4.7,2015.0,8.0,1.0,16.0,3000.0,1,0,0,1,1,377.49093230888434,3
170.0,4.0,2014.0,5.0,1.0,4.0,2000.0,0,0,0,1,1,400.947495385675,3
185.0,4.7,2014.0,8.0,2.0,8.0,2630.0,1,0,0,1,1,378.10571446280994,3
193.0,6.53,2020.0,16.0,4.0,64.0,4000.0,0,0,1,1,1,274.4714286395423,2
184.7,6.21,2020.0,5.0,4.0,64.0,3400.0,0,0,0,1,1,286.6806950524906,0
191.6,6.8,2020.0,8.0,2.0,32.0,3500.0,0,0,0,1,1,267.0440476928375,1
242.0,7.0,2019.0,0.3,1.0,8.0,2000.0,0,0,0,0,1,280.3234694510035,0
138.0,5.7,2019.0,5.0,2.0,16.0,2700.0,0,0,0,1,1,286.6806950524906,0
176.6,6.39,2019.0,8.0,4.0,64.0,3450.0,0,0,0,1,1,278.1396429235537,3
168.0,6.2,2018.0,8.0,3.0,32.0,4000.0,0,0,0,1,1,286.6806950524906,2
210.0,6.2,2018.0,16.0,4.0,32.0,3000.0,0,0,0,1,1,286.6806950524906,3
156.0,6.0,2017.0,13.0,6.0,64.0,3050.0,0,0,0,1,1,267.0440476928375,3
143.6,5.5,2018.0,13.0,3.0,32.0,3000.0,0,0,0,1,1,286.6806950524906,2
145.0,5.0,2017.0,8.0,1.0,16.0,2500.0,0,0,0,1,1,278.0170808030902,1
167.5,5.5,2017.0,13.0,4.0,64.0,3000.0,0,0,0,1,1,280.3234694510035,3
144.0,5.5,2016.0,16.0,4.0,64.0,3000.0,0,0,0,1,1,278.1396429235537,3
209.8,6.0,2016.0,13.0,3.0,64.0,5020.0,0,0,0,1,1,274.4714286395423,3
147.6,5.5,2016.0,13.0,3.0,32.0,3150.0,0,0,0,1,1,278.0170808030902,3
128.0,5.0,2015.0,13.0,3.0,16.0,2350.0,0,0,0,1,1,278.0170808030902,1
128.0,5.0,2015.0,13.0,2.0,16.0,2350.0,0,0,0,1,1,267.0440476928375,1
137.0,5.0,2015.0,8.0,1.0,16.0,2400.0,0,0,0,1,1,278.0170808030902,1
155.3,5.5,2015.0,13.0,3.0,16.0,3150.0,0,0,0,1,1,274.4714286395423,3
155.3,5.5,2015.0,13.0,1.0,16.0,3150.0,0,0,0,1,1,286.6806950524906,2
143.0,4.7,2015.0,8.0,1.0,16.0,2000.0,0,0,0,1,1,280.3234694510035,1
153.0,5.0,2015.0,5.0,1.0,16.0,2000.0,0,0,0,1,1,278.1396429235537,0
200.0,5.0,2016.0,8.0,2.0,16.0,4000.0,0,0,0,1,1,278.0170808030902,1
118.5,4.5,2016.0,5.0,1.0,8.0,1700.0,0,0,0,1,1,278.0170808030902,0
154.0,5.0,2015.0,8.0,1.0,8.0,3140.0,0,0,0,1,1,278.0170808030902,0
212.0,5.5,2015.0,13.0,2.0,16.0,6000.0,0,0,0,1,1,286.6806950524906,3
156.5,4.5,2015.0,5.0,1.0,16.0,4000.0,0,0,0,1,1,267.0440476928375,1
130.0,5.0,2015.0,13.0,2.0,16.0,2100.0,0,0,0,1,1,278.1396429235537,2
135.5,4.5,2015.0,8.0,1.0,8.0,1850.0,0,0,0,1,1,278.1396429235537,1
204.4,6.0,2015.0,24.0,3.0,64.0,3500.0,1,0,1,1,1,267.0440476928375,3
150.0,4.5,2014.0,5.0,1.0,8.0,1800.0,0,0,0,1,1,278.0170808030902,1
149.7,5.0,2014.0,8.0,1.0,8.0,1920.0,0,0,0,1,1,267.0440476928375,2
146.4,5.5,2014.0,8.0,1.0,8.0,2400.0,0,0,0,1,1,278.1396429235537,2
139.2,4.7,2014.0,16.0,2.0,16.0,2200.0,0,0,1,1,0,267.0440476928375,3
97.0,4.8,2014.0,8.0,1.0,16.0,2050.0,0,0,0,1,0,274.4714286395423,2
156.2,5.0,2014.0,8.0,1.0,8.0,2000.0,0,0,0,1,1,267.0440476928375,1
98.9,4.7,2014.0,8.0,1.0,8.0,1750.0,0,0,0,1,1,286.6806950524906,1
129.0,5.0,2014.0,13.0,2.0,16.0,2300.0,0,0,0,1,0,267.0440476928375,3
143.1,4.7,2014.0,13.0,1.0,16.0,2200.0,0,0,0,1,0,278.0170808030902,2
150.5,5.5,2014.0,16.0,3.0,32.0,2500.0,1,0,1,1,0,267.0440476928375,3
143.5,5.0,2014.0,13.0,2.0,16.0,2500.0,1,0,0,1,1,286.6806950524906,3
131.9,4.65,2014.0,8.0,1.0,4.0,2100.0,0,0,0,1,1,274.4714286395423,2
147.7,4.5,2013.0,8.0,1.0,16.0,3000.0,0,0,0,1,0,280.3234694510035,2
129.4,5.0,2013.0,13.0,2.0,32.0,2000.0,0,0,0,1,0,274.4714286395423,3
143.0,4.7,2014.0,8.0,1.0,8.0,1800.0,0,0,0,1,1,278.0170808030902,1
124.9,4.7,2013.0,8.0,1.0,16.0,1800.0,0,0,0,1,1,278.0170808030902,2
176.9,5.3,2013.0,8.0,1.0,4.0,3000.0,0,0,0,1,1,278.0170808030902,2
140.7,4.5,2013.0,8.0,1.0,4.0,2100.0,0,0,0,1,1,274.4714286395423,1
156.0,4.5,2018.0,8.0,4.0,64.0,3000.0,1,0,1,1,1,280.87551033057855,3
170.0,5.99,2018.0,16.0,6.0,64.0,4000.0,0,0,1,1,1,280.87551033057855,3
170.0,5.99,2018.0,16.0,4.0,64.0,4000.0,0,0,1,1,1,256.2775325882795,3
168.0,4.5,2018.0,8.0,6.0,128.0,3500.0,1,0,1,1,1,256.2775325882795,3
167.0,5.5,2017.0,12.0,4.0,32.0,4000.0,1,0,0,1,1,275.42298713373407,3
178.0,5.5,2017.0,13.0,4.0,32.0,3000.0,0,0,0,1,1,281.2710715392562,1
180.0,4.5,2017.0,12.0,4.0,64.0,3500.0,1,0,1,1,1,278.660228677686,2
165.0,5.5,2016.0,21.0,4.0,32.0,3000.0,1,0,1,1,1,275.42298713373407,2
135.0,5.2,2016.0,13.0,3.0,16.0,2610.0,1,0,1,1,1,275.42298713373407,1
192.0,5.4,2015.0,18.0,3.0,32.0,3410.0,1,0,0,1,1,278.660228677686,2
170.0,5.0,2015.0,8.0,2.0,16.0,2800.0,0,0,0,1,1,278.660228677686,0
140.0,3.1,2014.0,8.0,2.0,64.0,2100.0,1,0,1,1,1,256.2775325882795,3
196.0,4.5,2014.0,13.0,3.0,32.0,3450.0,1,0,1,1,1,278.660228677686,1
177.0,3.5,2014.0,8.0,2.0,16.0,2515.0,1,0,1,1,1,294.7097960448643,0
164.0,5.0,2014.0,5.0,1.5,8.0,2500.0,0,0,0,1,1,280.87551033057855,0
140.0,4.2,2013.0,8.0,2.0,64.0,1800.0,1,0,1,1,1,294.7097960448643,3
170.0,5.0,2013.0,8.0,2.0,16.0,2880.0,1,0,1,1,1,294.7097960448643,1
120.0,3.1,2013.0,5.0,2.0,8.0,2180.0,1,0,0,1,1,294.7097960448643,0
137.5,4.2,2013.0,8.0,2.0,16.0,1800.0,1,0,1,1,1,280.87551033057855,0
139.0,3.1,2013.0,8.0,2.0,16.0,2100.0,1,0,0,1,1,278.660228677686,0
148.0,4.7,2020.0,12.0,3.0,256.0,1821.0,1,0,1,1,0,256.56741509248326,2
194.0,6.1,2018.0,12.0,3.0,256.0,2942.0,1,0,1,1,0,256.56741509248326,3
202.0,5.5,2017.0,7.0,3.0,256.0,2691.0,1,0,1,1,0,258.5245114180079,2
148.0,4.7,2017.0,12.0,2.0,256.0,1821.0,1,0,1,1,0,243.51571446280997,1
188.0,5.5,2016.0,7.0,3.0,256.0,2900.0,1,0,1,1,0,258.5245114180079,2
138.0,4.7,2016.0,12.0,2.0,256.0,1960.0,1,0,1,1,0,243.51571446280997,1
113.0,4.0,2016.0,12.0,2.0,128.0,1624.0,1,0,0,1,0,269.93240615485,1
192.0,5.5,2015.0,12.0,2.0,128.0,2750.0,1,0,1,1,0,243.51571446280997,2
143.0,4.7,2015.0,12.0,2.0,128.0,1715.0,1,0,1,1,0,256.97578584710743,2
172.0,5.5,2014.0,8.0,1.0,128.0,2915.0,1,0,1,1,0,243.51571446280997,3
129.0,4.7,2014.0,8.0,1.0,128.0,1810.0,1,0,1,1,0,269.93240615485,0
112.0,4.0,2013.0,8.0,1.0,64.0,1560.0,0,0,1,1,0,243.51571446280997,3
132.0,4.0,2013.0,8.0,1.0,32.0,1510.0,0,0,0,1,0,243.51571446280997,3
230.0,5.5,2017.0,8.0,6.0,64.0,6180.0,0,0,0,1,1,249.5259742674681,2
169.0,5.0,2017.0,5.0,2.0,16.0,2800.0,0,0,0,1,1,252.13214307851243,0
176.0,5.0,2017.0,5.0,2.0,16.0,2800.0,0,0,0,1,1,249.5259742674681,0
176.0,5.0,2017.0,2.0,1.0,8.0,2800.0,0,0,0,1,1,238.5527474570884,0
171.0,6.47,2019.0,20.0,6.0,128.0,4000.0,1,1,1,1,1,266.9185716942149,3
153.0,5.0,2016.0,13.0,1.0,16.0,2200.0,0,0,0,1,1,251.23214307851242,1
207.0,6.0,2016.0,13.0,1.0,16.0,2500.0,0,0,0,1,1,226.22410730888433,1
170.0,5.5,2015.0,8.0,1.0,8.0,2600.0,0,0,0,1,1,226.22410730888433,1
161.0,5.0,2015.0,8.0,1.0,8.0,1850.0,0,0,0,1,1,251.23214307851242,0
172.0,5.5,2015.0,8.0,1.0,8.0,2600.0,0,0,0,1,1,231.22571446280992,1
130.0,4.5,2015.0,8.0,1.0,8.0,1700.0,0,0,0,1,1,251.23214307851242,1
112.0,5.0,2015.0,8.0,1.0,8.0,1900.0,0,0,0,1,1,251.23214307851242,0
135.0,5.0,2015.0,8.0,1.0,8.0,2100.0,0,0,0,1,1,226.22410730888433,1
140.0,5.0,2014.0,8.0,1.0,4.0,2000.0,0,0,0,1,1,228.34571446280995,1
195.0,5.96,2016.0,16.0,4.0,64.0,4150.0,1,0,1,1,1,243.1132654958678,3
160.0,6.0,2014.0,8.0,1.0,16.0,3000.0,0,0,0,1,1,273.7057144628099,1
305.0,6.95,2014.0,5.0,1.0,8.0,3000.0,0,0,0,1,1,278.02571446280996,1
294.8,7.0,2014.0,2.0,1.0,8.0,2800.0,0,0,0,0,1,283.06571446281,0
239.0,7.0,2014.0,13.0,2.0,16.0,5000.0,0,0,0,1,1,270.0991073088843,3
325.0,7.0,2014.0,5.0,1.0,16.0,4100.0,0,0,0,1,1,270.0991073088843,1
160.0,6.0,2014.0,5.0,1.0,16.0,3000.0,0,0,0,1,1,268.66571446280994,2
319.8,7.0,2013.0,5.0,1.0,16.0,4100.0,0,0,0,1,1,243.1132654958678,1
170.0,5.5,2017.0,12.0,4.0,128.0,3300.0,1,0,1,1,0,266.9185716942149,3
145.0,5.0,2014.0,8.0,2.0,32.0,2500.0,1,0,1,1,0,273.0896106311045,1
142.5,5.0,2018.0,13.0,2.0,16.0,3000.0,0,0,0,1,1,265.78571446280995,2
127.0,5.0,2018.0,8.0,1.0,8.0,2000.0,0,0,0,1,1,267.0275512101535,0
127.0,5.0,2018.0,5.0,1.0,8.0,2000.0,0,0,0,1,1,264.6991073088843,0
256.0,2.4,2018.0,5.0,1.0,8.0,2000.0,0,0,0,1,1,273.7057144628099,0
203.0,5.5,2018.0,16.0,3.0,32.0,4000.0,1,0,0,1,1,249.94571446280995,3
190.0,5.9,2018.0,8.0,6.0,64.0,4500.0,0,0,0,1,1,267.0275512101535,3
203.0,5.5,2017.0,13.0,2.0,16.0,5000.0,0,0,0,1,1,268.66571446280994,1
180.0,5.5,2017.0,13.0,1.0,8.0,3000.0,0,0,0,1,1,264.6991073088843,0
167.0,5.0,2017.0,5.0,1.0,8.0,2000.0,0,0,0,1,1,264.6991073088843,0
206.0,5.2,2017.0,13.0,2.0,16.0,4000.0,0,0,0,1,1,264.6991073088843,3
204.0,4.0,2017.0,8.0,1.0,8.0,2500.0,0,0,0,1,1,264.6991073088843,1
220.0,5.72,2018.0,8.0,8.0,64.0,4000.0,1,0,1,1,1,266.9185716942149,3
197.0,5.7,2017.0,8.0,8.0,64.0,4000.0,1,0,1,1,1,326.1077924492863,3
141.0,6.4,2020.0,8.0,8.0,256.0,3130.0,1,0,1,1,0,330.76122461629285,3
173.0,5.9,2019.0,8.0,4.0,64.0,3090.0,0,0,1,1,1,330.76122461629285,2
146.0,6.2,2019.0,22.6,6.0,128.0,3130.0,1,0,1,1,0,299.12410730888433,3
165.0,5.99,2018.0,16.0,4.0,64.0,2900.0,1,0,1,1,1,299.12410730888433,3
175.0,5.7,2018.0,13.0,3.0,32.0,4000.0,1,0,0,1,1,325.78872194432364,3
140.0,5.5,2018.0,8.0,4.0,64.0,2700.0,1,0,1,1,1,324.0834587864289,3
167.4,6.0,2018.0,16.0,8.0,64.0,3200.0,1,0,1,1,1,325.78872194432364,3
181.0,6.0,2018.0,16.3,4.0,64.0,3130.0,0,0,1,1,1,335.45187983906044,3
165.4,6.0,2018.0,16.0,6.0,64.0,3200.0,1,0,1,1,1,330.76122461629285,3
140.0,5.5,2018.0,16.0,6.0,64.0,3020.0,0,0,0,1,1,299.12410730888433,2
140.0,5.5,2017.0,8.0,6.0,128.0,3020.0,1,0,1,1,1,299.12410730888433,3
185.0,5.7,2017.0,16.0,4.0,64.0,3100.0,0,0,1,1,1,330.76122461629285,3
160.0,5.5,2016.0,16.0,4.0,32.0,3000.0,0,0,0,1,1,324.0834587864289,3
151.0,5.5,2016.0,13.0,3.0,64.0,2600.0,0,0,0,1,1,330.76122461629285,2
168.0,5.7,2015.0,13.0,3.0,32.0,3000.0,1,0,1,1,1,330.76122461629285,3
154.0,5.2,2015.0,8.0,2.0,16.0,2030.0,1,0,0,1,1,299.12410730888433,3
141.0,5.0,2014.0,8.0,1.5,8.0,2040.0,0,0,0,1,1,335.45187983906044,1
189.0,5.65,2020.0,48.0,4.0,64.0,3040.0,1,0,1,1,1,286.835065176559,3
189.0,5.65,2019.0,12.0,4.0,64.0,3000.0,1,0,1,1,1,288.7987015401954,3
190.0,6.5,2021.0,16.0,6.0,128.0,4000.0,1,1,1,1,1,249.74411805883514,3
168.0,6.47,2020.0,20.0,8.0,128.0,4000.0,1,1,1,1,1,242.942198892562,3
184.0,6.53,2020.0,16.0,6.0,128.0,4000.0,0,1,1,1,1,249.74411805883514,1
188.0,6.52,2020.0,8.0,6.0,128.0,4000.0,0,1,1,1,1,242.942198892562,2
182.0,6.5,2020.0,8.0,3.0,64.0,4000.0,1,0,0,1,1,242.942198892562,0
198.0,6.92,2019.0,32.0,12.0,256.0,4220.0,1,1,1,1,1,244.00093251904067,3
198.0,6.92,2020.0,32.0,8.0,256.0,4220.0,1,1,1,1,1,238.92935431696648,3
198.0,6.92,2020.0,32.0,6.0,128.0,4220.0,1,0,1,1,1,231.95063352807068,3
220.0,6.65,2020.0,8.0,16.0,256.0,4500.0,1,1,1,1,0,242.942198892562,3
215.0,6.65,2020.0,12.0,8.0,256.0,5100.0,1,1,1,1,0,244.00093251904067,3
184.0,6.53,2020.0,16.0,6.0,128.0,4000.0,0,1,1,1,1,238.92935431696648,2
210.0,6.65,2020.0,12.0,8.0,256.0,5100.0,1,1,1,1,0,238.92935431696648,3
168.0,6.47,2020.0,20.0,6.0,128.0,4000.0,0,0,1,1,1,242.942198892562,2
168.0,6.47,2020.0,20.0,8.0,256.0,4000.0,1,1,1,1,1,249.74411805883514,3
218.0,6.65,2020.0,8.0,16.0,256.0,4500.0,1,1,1,1,0,231.95063352807068,3
160.0,6.0,2019.0,8.0,3.0,32.0,4000.0,0,0,1,1,1,259.00798984990973,0
165.0,6.09,2019.0,16.0,3.0,32.0,3200.0,0,0,0,1,1,244.00093251904067,0
165.0,6.3,2019.0,16.0,3.0,64.0,3200.0,1,0,1,1,1,259.00798984990973,1
190.0,6.49,2019.0,8.0,4.0,128.0,5000.0,0,0,0,1,1,259.00798984990973,0
215.0,6.65,2019.0,48.0,12.0,256.0,5000.0,0,0,1,1,0,231.95063352807068,3
157.0,5.45,2019.0,13.0,2.0,16.0,2600.0,0,0,0,1,1,242.942198892562,0
144.0,5.0,2019.0,8.0,1.0,16.0,2000.0,0,0,0,1,1,244.00093251904067,0
215.0,6.65,2019.0,48.0,12.0,256.0,5000.0,0,0,1,1,0,242.942198892562,3
158.0,4.01,2019.0,5.0,1.0,8.0,500.0,0,0,0,1,0,249.74411805883514,3
175.0,6.47,2019.0,20.0,12.0,256.0,4000.0,1,1,1,1,1,244.00093251904067,3
175.0,6.47,2019.0,20.0,12.0,256.0,4000.0,1,0,1,1,1,242.942198892562,3
193.0,6.0,2018.0,16.0,10.0,256.0,3800.0,0,0,1,1,0,244.00093251904067,3
172.0,5.99,2018.0,8.0,8.0,128.0,3450.0,0,0,1,1,0,238.92935431696648,3
179.0,6.21,2018.0,20.0,6.0,128.0,4000.0,1,0,1,1,1,244.00093251904067,3
185.0,6.0,2018.0,24.0,8.0,128.0,3800.0,0,0,1,1,0,244.00093251904067,3
135.0,5.45,2018.0,13.0,3.0,32.0,3200.0,0,0,0,1,1,231.95063352807068,1
146.0,6.09,2019.0,16.0,3.0,64.0,3200.0,0,0,0,1,1,249.74411805883514,0
153.0,5.7,2018.0,8.0,6.0,128.0,3450.0,0,0,1,1,0,244.00093251904067,2
170.0,6.01,2018.0,13.0,4.0,64.0,4000.0,0,0,0,1,1,249.74411805883514,1
190.0,6.01,2018.0,16.0,4.0,64.0,5000.0,0,0,0,1,1,249.74411805883514,3
135.0,5.45,2018.0,8.0,3.0,32.0,3200.0,1,0,0,1,1,238.92935431696648,0
140.0,5.7,2018.0,8.0,4.0,64.0,3100.0,1,0,0,1,1,242.942198892562,1
164.0,5.5,2017.0,13.0,3.0,32.0,4000.0,0,0,0,1,1,244.00093251904067,1
160.0,5.2,2017.0,13.0,3.0,32.0,5000.0,0,0,0,1,1,231.95063352807068,1
166.0,5.0,2017.0,5.0,1.0,8.0,2300.0,0,0,0,1,1,244.00093251904067,0
156.0,5.5,2017.0,13.0,2.0,16.0,3000.0,0,0,0,1,1,231.95063352807068,0
230.0,5.2,2017.0,20.0,4.0,64.0,3180.0,0,0,1,1,1,244.00093251904067,3
170.0,5.73,2017.0,5.0,8.0,128.0,3100.0,1,0,1,1,0,242.942198892562,3
155.0,5.2,2017.0,13.0,6.0,64.0,3200.0,1,0,1,1,1,244.00093251904067,1
168.0,5.5,2017.0,13.0,6.0,64.0,3200.0,1,0,0,1,0,231.95063352807068,2
175.0,6.0,2017.0,8.0,2.0,32.0,4080.0,0,0,0,1,1,242.942198892562,0
170.1,5.5,2017.0,8.0,2.0,16.0,3000.0,0,0,0,1,1,244.00093251904067,0
141.8,5.0,2017.0,5.0,1.0,8.0,2200.0,0,0,0,1,1,238.92935431696648,0
152.0,5.0,2016.0,8.0,1.0,8.0,4000.0,0,0,0,1,1,242.942198892562,0
136.0,5.2,2017.0,13.0,3.0,32.0,2540.0,0,0,0,1,1,238.92935431696648,1
180.0,5.5,2017.0,13.0,4.0,64.0,5000.0,0,0,1,1,1,242.942198892562,2
168.0,5.5,2017.0,13.0,4.0,64.0,3630.0,0,0,1,1,1,259.00798984990973,3
164.0,5.5,2017.0,13.0,4.0,64.0,3000.0,0,0,1,1,1,249.74411805883514,0
173.0,5.5,2017.0,16.0,8.0,128.0,3200.0,1,0,1,1,0,259.00798984990973,3
170.0,5.5,2017.0,8.0,6.0,128.0,3400.0,1,0,1,1,1,244.00093251904067,3
180.0,6.0,2017.0,13.0,2.0,32.0,3990.0,0,0,0,1,1,259.00798984990973,0
155.0,5.2,2017.0,13.0,6.0,64.0,2950.0,1,0,1,1,1,249.74411805883514,1
130.0,5.0,2017.0,8.0,2.0,16.0,2400.0,0,0,0,1,1,249.74411805883514,0
171.0,5.5,2017.0,8.0,2.0,16.0,3000.0,0,0,0,1,1,244.00093251904067,0
141.0,5.0,2017.0,5.0,2.0,16.0,2800.0,0,0,0,1,1,244.00093251904067,1
136.0,5.0,2017.0,8.0,2.0,16.0,2500.0,0,0,0,1,1,244.00093251904067,1
189.0,5.5,2017.0,13.0,4.0,32.0,5000.0,0,0,0,1,1,249.74411805883514,1
185.0,5.5,2017.0,13.0,3.0,32.0,3140.0,1,0,1,1,1,242.942198892562,1
141.0,5.2,2017.0,13.0,3.0,32.0,2730.0,0,0,0,1,1,231.95063352807068,2
196.0,6.0,2016.0,13.0,4.0,64.0,4100.0,0,0,1,1,1,238.92935431696648,3
162.0,5.5,2016.0,13.0,2.0,16.0,3140.0,0,0,0,1,1,244.00093251904067,1
158.0,5.2,2016.0,23.0,4.0,128.0,3000.0,1,0,1,1,1,249.74411805883514,2
153.0,5.2,2016.0,16.0,3.0,32.0,2705.0,1,0,0,1,1,242.942198892562,2
158.8,5.5,2016.0,13.0,2.0,16.0,3000.0,0,0,0,1,1,242.942198892562,0
190.0,5.5,2016.0,13.0,3.0,64.0,5000.0,0,0,1,1,1,244.00093251904067,2
185.0,6.0,2016.0,16.0,4.0,64.0,4000.0,0,0,1,1,1,242.942198892562,1
175.0,5.5,2016.0,20.0,4.0,64.0,3250.0,1,0,1,1,1,231.95063352807068,2
162.0,5.5,2016.0,16.0,6.0,64.0,3000.0,1,0,1,1,1,231.95063352807068,2
110.0,4.0,2016.0,5.0,1.0,8.0,1400.0,0,0,0,1,1,259.00798984990973,0
138.0,5.0,2016.0,16.0,3.0,64.0,2800.0,0,0,1,1,1,238.92935431696648,1
160.0,5.0,2016.0,8.0,1.0,8.0,2150.0,0,0,0,1,1,231.95063352807068,0
164.0,5.5,2016.0,13.0,2.0,16.0,3000.0,0,0,0,1,1,242.942198892562,1
130.0,5.2,2016.0,13.0,2.0,16.0,2540.0,0,0,0,1,1,238.92935431696648,0
136.0,5.2,2016.0,13.0,2.0,16.0,2500.0,0,0,0,1,1,244.00093251904067,1
135.0,5.5,2016.0,13.0,2.0,16.0,2540.0,0,0,0,1,1,244.00093251904067,1
135.0,5.0,2016.0,13.0,2.0,16.0,2500.0,0,0,0,1,1,244.00093251904067,0
135.0,5.0,2016.0,13.0,2.0,16.0,2500.0,0,0,0,1,1,249.74411805883514,0
135.0,5.2,2016.0,13.0,3.0,64.0,2200.0,0,0,1,1,1,244.00093251904067,2
170.1,5.5,2016.0,8.0,2.0,16.0,3080.0,0,0,0,1,1,244.00093251904067,0
164.4,5.0,2016.0,5.0,1.0,8.0,2300.0,0,0,0,1,1,249.74411805883514,0
160.0,5.5,2015.0,13.0,2.0,16.0,3000.0,0,0,0,1,1,259.00798984990973,1
169.8,5.5,2015.0,8.0,2.0,32.0,3000.0,1,0,1,1,0,231.95063352807068,2
131.0,5.0,2015.0,13.0,3.0,32.0,2500.0,0,0,1,1,1,242.942198892562,2
140.0,5.2,2015.0,13.0,3.0,32.0,2800.0,0,0,0,1,1,231.95063352807068,3
170.1,5.5,2015.0,8.0,2.0,16.0,3000.0,0,0,0,1,1,244.00093251904067,0
140.0,5.2,2015.0,13.0,3.0,32.0,2200.0,0,0,1,1,1,244.00093251904067,2
168.0,5.5,2015.0,8.0,4.0,128.0,3000.0,1,0,1,1,1,231.95063352807068,3
194.8,5.7,2015.0,8.0,2.0,16.0,3400.0,0,0,0,1,0,249.74411805883514,1
122.0,5.0,2015.0,13.0,2.0,16.0,2200.0,1,0,0,1,1,259.00798984990973,0
172.9,5.5,2015.0,8.0,4.0,64.0,3000.0,1,0,0,1,0,244.00093251904067,2
131.0,4.0,2015.0,5.0,1.0,8.0,1500.0,0,0,0,1,1,259.00798984990973,0
137.5,4.5,2015.0,5.0,1.0,4.0,1800.0,0,0,0,1,1,238.92935431696648,0
145.0,5.0,2015.0,8.0,2.0,16.0,2480.0,0,0,0,1,1,259.00798984990973,0
149.0,4.5,2015.0,5.0,1.0,8.0,2000.0,0,0,0,1,1,242.942198892562,0
133.5,4.5,2015.0,5.0,1.0,8.0,2100.0,0,0,0,1,1,244.00093251904067,0
166.0,4.5,2015.0,8.0,1.0,8.0,1800.0,0,0,0,1,1,259.00798984990973,0
154.0,4.5,2015.0,8.0,1.0,8.0,2200.0,0,0,0,1,1,249.74411805883514,0
192.0,5.2,2015.0,16.0,4.0,64.0,2900.0,1,0,1,1,0,238.92935431696648,3
139.3,5.5,2015.0,13.0,2.0,16.0,3000.0,0,0,0,1,1,244.00093251904067,2
165.0,5.5,2015.0,16.0,3.0,16.0,2900.0,1,0,1,1,1,242.942198892562,1
147.0,5.0,2015.0,16.0,2.0,16.0,2900.0,0,0,1,1,1,249.74411805883514,1
150.0,5.0,2015.0,13.0,1.0,8.0,2000.0,0,0,0,1,1,259.00798984990973,0
165.0,5.0,2015.0,13.0,1.0,8.0,2400.0,0,0,1,1,1,249.74411805883514,2
154.0,5.0,2015.0,13.0,2.0,16.0,2400.0,0,0,1,1,1,244.00093251904067,2
130.0,5.0,2014.0,13.0,2.0,16.0,2400.0,0,0,0,1,1,244.00093251904067,3
136.1,4.5,2014.0,5.0,1.0,8.0,2000.0,0,0,0,1,1,242.942198892562,0
120.0,5.5,2014.0,13.0,2.0,16.0,2500.0,0,0,1,1,1,242.942198892562,1
189.9,5.7,2014.0,8.0,2.0,16.0,3400.0,0,0,0,1,1,238.92935431696648,1
117.9,4.7,2014.0,13.0,2.0,16.0,2000.0,0,0,0,1,1,244.00093251904067,2
160.0,5.5,2014.0,13.0,2.0,32.0,3100.0,1,0,1,1,1,242.942198892562,2
143.0,5.0,2014.0,13.0,2.0,16.0,2300.0,0,0,1,1,1,244.00093251904067,1
166.0,5.0,2014.0,5.0,1.0,4.0,2000.0,0,0,0,1,1,244.00093251904067,0
130.0,5.0,2014.0,8.0,2.0,16.0,2300.0,0,0,1,1,1,231.95063352807068,1
215.0,6.44,2014.0,13.0,3.0,128.0,4250.0,1,0,1,1,1,244.00093251904067,3
150.0,5.5,2014.0,13.0,2.0,16.0,3100.0,0,0,1,1,1,238.92935431696648,2
126.0,5.0,2013.0,13.0,2.0,32.0,2300.0,0,0,1,1,0,242.942198892562,2
120.0,4.7,2013.0,13.0,2.0,16.0,2000.0,0,0,1,1,1,238.92935431696648,2
130.0,5.0,2013.0,8.0,1.0,16.0,2300.0,0,0,0,1,0,238.92935431696648,3
127.6,4.5,2013.0,8.0,1.0,8.0,2070.0,1,0,0,1,1,244.00093251904067,1
127.6,4.0,2013.0,5.0,1.0,4.0,1650.0,0,0,0,1,1,242.942198892562,0
153.4,4.0,2013.0,5.0,1.0,4.0,2500.0,0,0,0,1,1,242.942198892562,2
154.0,5.0,2013.0,13.0,1.0,8.0,2500.0,1,0,0,1,1,244.00093251904067,2
146.0,4.5,2013.0,8.0,1.0,4.0,2000.0,0,0,0,1,1,259.00798984990973,0
163.0,5.0,2013.0,8.0,1.0,4.0,2500.0,1,0,1,1,1,259.00798984990973,1
189.0,5.7,2013.0,13.0,2.0,16.0,3200.0,0,0,1,1,1,244.00093251904067,3
110.0,5.0,2013.0,13.0,2.0,16.0,1780.0,1,0,1,1,1,238.92935431696648,3
182.0,5.5,2017.0,13.0,4.0,64.0,4010.0,0,0,0,1,1,239.00977457590258,3
175.0,5.5,2017.0,13.0,3.0,32.0,3150.0,0,0,0,1,1,241.4660715392562,1
180.0,5.5,2017.0,13.0,4.0,64.0,5000.0,0,0,0,1,1,238.2609891131596,3
184.0,5.0,2017.0,13.0,3.0,16.0,4000.0,0,0,0,1,1,235.76298713373407,1
162.0,5.3,2017.0,13.0,3.0,32.0,4000.0,0,0,0,1,1,239.00977457590258,2
210.0,6.0,2015.0,24.0,3.0,64.0,3500.0,1,0,1,1,1,239.00977457590258,3
97.0,4.8,2015.0,8.0,2.0,16.0,2000.0,0,0,0,1,0,235.76298713373407,2
138.0,4.5,2015.0,5.0,1.0,8.0,1700.0,0,0,0,1,1,247.76607153925622,0
152.0,5.0,2015.0,5.0,1.0,8.0,2000.0,0,0,0,1,1,239.00977457590258,0
151.0,4.7,2015.0,8.0,1.0,8.0,2120.0,0,0,0,1,1,238.2609891131596,0
150.0,5.0,2015.0,5.0,1.0,8.0,1950.0,0,0,0,1,1,239.00977457590258,1
180.0,5.0,2015.0,8.0,1.0,8.0,5000.0,0,0,0,1,1,238.2609891131596,1
120.0,5.0,2015.0,13.0,2.0,16.0,2400.0,0,0,1,1,1,241.4660715392562,1
158.0,5.0,2015.0,13.0,1.0,16.0,2000.0,0,0,0,1,1,238.2609891131596,2
97.7,4.8,2015.0,8.0,1.0,16.0,2050.0,0,0,0,1,0,239.00977457590258,2
119.0,4.7,2015.0,8.0,1.0,4.0,2000.0,0,0,0,1,1,239.00977457590258,1
150.0,5.5,2014.0,16.0,2.0,16.0,2500.0,0,0,0,1,0,235.76298713373407,3
133.0,5.0,2014.0,13.0,2.0,16.0,2300.0,0,0,0,1,1,239.15142867768597,1
167.0,5.0,2014.0,8.0,1.0,4.0,2000.0,0,0,0,1,1,247.76607153925622,0
88.2,4.5,2014.0,5.0,1.0,8.0,1800.0,0,0,0,1,1,238.2609891131596,0
220.0,5.7,2014.0,12.0,1.0,16.0,2600.0,0,0,0,1,0,238.2609891131596,1
135.0,4.8,2013.0,8.0,1.0,16.0,2000.0,0,0,0,1,0,235.76298713373407,2
171.8,3.1,2013.0,5.0,1.0,8.0,1900.0,1,0,0,1,1,266.9185716942149,3
194.0,6.52,2021.0,8.0,4.0,64.0,4000.0,1,0,0,1,1,198.2693503683076,1
190.0,6.52,2021.0,5.0,3.0,32.0,4000.0,0,0,0,1,1,183.42157253596574,0
175.0,6.22,2020.0,5.0,4.0,128.0,4000.0,0,0,0,1,1,186.68405182722108,0
118.0,2.8,2019.0,2.0,1.0,8.0,1350.0,0,0,0,0,1,190.33053303531184,0
186.0,6.52,2020.0,8.0,6.0,128.0,5000.0,0,0,0,1,1,198.2693503683076,1
165.0,6.22,2020.0,8.0,4.0,64.0,4000.0,0,0,0,1,1,183.42157253596574,0
165.0,6.22,2020.0,5.0,3.0,32.0,4000.0,0,0,0,1,1,198.2693503683076,0
160.0,6.22,2020.0,5.0,2.0,32.0,4000.0,0,0,0,1,1,188.7364792445991,0
168.0,5.5,2020.0,13.0,2.0,16.0,3000.0,0,0,0,1,1,189.0553577211509,0
197.9,6.7,2019.0,8.0,3.0,32.0,4000.0,0,0,1,1,1,186.68405182722108,1
178.0,6.52,2019.0,8.0,6.0,128.0,4000.0,1,0,0,1,1,189.0553577211509,1
153.2,5.5,2019.0,5.0,3.0,16.0,2460.0,0,0,0,1,1,190.33053303531184,0
268.0,7.0,2019.0,0.3,1.5,16.0,2580.0,0,0,0,0,1,183.42157253596574,0
130.0,5.5,2019.0,5.0,2.0,16.0,3000.0,0,0,0,1,1,186.68405182722108,0
148.0,5.0,2019.0,5.0,1.0,8.0,2000.0,0,0,0,1,1,198.2693503683076,0
134.0,5.0,2018.0,5.0,1.0,16.0,2000.0,0,0,0,1,1,188.7364792445991,0
150.0,5.0,2018.0,5.0,2.0,16.0,2050.0,0,0,0,1,1,198.2693503683076,0
175.0,6.0,2018.0,8.0,2.0,32.0,4000.0,0,0,0,1,1,189.0553577211509,1
158.0,6.2,2018.0,8.0,3.0,32.0,4000.0,1,0,0,1,1,186.68405182722108,1
144.0,5.7,2018.0,12.0,3.0,32.0,3000.0,1,0,0,1,1,189.0553577211509,2
155.0,6.0,2018.0,5.0,2.0,32.0,3000.0,1,0,0,1,1,198.2693503683076,1
145.0,5.5,2018.0,13.0,2.0,16.0,3000.0,1,0,0,1,1,186.68405182722108,1
151.0,5.3,2018.0,8.0,2.0,16.0,2460.0,1,0,0,1,1,198.2693503683076,0
169.0,6.0,2018.0,8.0,1.0,16.0,3000.0,0,0,0,1,1,186.68405182722108,0
245.0,7.0,2018.0,2.0,1.0,8.0,2580.0,0,0,0,1,1,183.42157253596574,0
147.0,5.2,2017.0,12.0,3.0,32.0,2850.0,0,0,1,1,1,198.2693503683076,1
155.0,5.2,2017.0,13.0,3.0,16.0,2800.0,0,0,0,1,1,198.2693503683076,0
175.0,6.0,2017.0,5.0,3.0,32.0,4000.0,0,0,0,1,1,198.2693503683076,2
148.8,5.2,2017.0,12.0,3.0,32.0,2620.0,0,0,1,1,1,188.7364792445991,2
156.0,5.0,2016.0,13.0,2.0,16.0,2460.0,0,0,0,1,1,183.42157253596574,1
163.9,5.5,2016.0,8.0,2.0,16.0,2500.0,0,0,0,1,1,188.7364792445991,0
140.0,5.0,2015.0,13.0,2.0,16.0,2150.0,0,0,0,1,1,183.42157253596574,1
148.0,5.0,2016.0,8.0,1.0,8.0,2000.0,0,0,0,1,1,198.2693503683076,0
157.0,5.5,2016.0,13.0,3.0,32.0,3000.0,0,0,0,1,1,186.68405182722108,1
295.1,7.0,2016.0,5.0,1.0,8.0,3240.0,0,0,0,1,1,189.0553577211509,0
152.0,5.5,2016.0,21.0,4.0,64.0,3000.0,0,0,1,1,1,190.33053303531184,1
149.0,5.5,2016.0,16.0,3.0,32.0,3000.0,1,0,1,1,1,186.68405182722108,2
135.0,5.2,2016.0,13.0,3.0,16.0,2610.0,1,0,1,1,1,198.2693503683076,1
179.0,6.0,2016.0,13.0,1.0,8.0,2580.0,0,0,0,1,1,198.2693503683076,0
174.0,5.5,2016.0,5.0,1.0,8.0,2500.0,0,0,0,1,1,186.68405182722108,0
167.0,5.0,2015.0,5.0,1.0,8.0,1800.0,0,0,0,1,1,198.2693503683076,0
173.0,5.5,2015.0,8.0,2.0,16.0,2500.0,0,0,0,1,1,186.68405182722108,0
140.0,5.0,2015.0,13.0,2.0,16.0,3000.0,0,0,0,1,1,198.2693503683076,2
147.0,5.5,2015.0,13.0,2.0,16.0,3500.0,0,0,0,1,1,198.2693503683076,0
144.9,4.5,2015.0,5.0,1.0,4.0,2000.0,0,0,0,1,1,190.33053303531184,0
141.0,5.5,2015.0,13.0,2.0,32.0,2910.0,1,0,1,1,1,183.42157253596574,2
110.0,4.7,2015.0,13.0,1.5,16.0,2000.0,1,0,0,1,1,186.68405182722108,1
260.0,7.0,2015.0,2.0,1.0,4.0,2820.0,0,0,0,1,1,189.0553577211509,0
125.0,4.5,2015.0,5.0,1.0,4.0,1400.0,0,0,0,1,1,186.68405182722108,0
149.0,5.0,2014.0,5.0,1.0,4.0,2000.0,0,0,0,1,1,190.33053303531184,0
147.0,4.5,2014.0,5.0,1.0,8.0,2000.0,0,0,0,1,1,190.33053303531184,1
147.0,4.5,2014.0,5.0,1.0,8.0,2000.0,0,0,0,1,1,186.68405182722108,0
149.1,5.0,2014.0,5.0,1.0,4.0,2000.0,0,0,0,1,1,188.7364792445991,0
175.0,6.0,2014.0,13.1,2.0,16.0,3100.0,1,0,1,1,1,186.68405182722108,3
279.0,7.0,2014.0,3.0,1.0,4.0,3240.0,0,0,0,1,1,198.2693503683076,1
182.0,5.9,2014.0,8.0,1.0,8.0,3400.0,1,0,0,1,1,188.7364792445991,2
162.0,5.0,2014.0,5.0,1.0,4.0,3000.0,1,0,0,1,1,186.68405182722108,1
130.0,4.0,2014.0,5.0,1.0,4.0,2000.0,1,0,0,1,1,186.68405182722108,0
126.0,5.0,2014.0,8.0,1.0,8.0,2150.0,1,0,0,1,1,188.7364792445991,2
128.0,5.0,2014.0,8.0,1.0,16.0,2000.0,1,0,0,1,1,186.68405182722108,1
116.0,4.5,2014.0,8.0,1.0,8.0,2000.0,1,0,0,1,1,186.68405182722108,1
110.0,4.5,2014.0,8.0,1.0,8.0,1700.0,0,0,0,1,1,186.68405182722108,1
125.0,5.0,2014.0,13.1,2.0,16.0,2500.0,0,0,0,1,1,189.0553577211509,2
189.0,5.5,2014.0,8.0,1.0,4.0,2500.0,0,0,0,1,1,186.68405182722108,1
285.0,7.0,2014.0,2.0,1.0,4.0,3240.0,0,0,0,1,1,189.0553577211509,1
130.0,4.5,2013.0,5.0,1.0,4.0,1800.0,0,0,0,1,1,186.68405182722108,0
162.0,5.0,2013.0,5.0,1.0,4.0,1900.0,0,0,0,1,1,190.33053303531184,0
117.4,4.7,2013.0,13.0,1.0,16.0,2000.0,0,0,0,1,0,186.68405182722108,3
177.6,6.0,2013.0,13.0,2.0,8.0,3400.0,0,0,1,1,1,183.42157253596574,3
110.0,4.7,2013.0,8.0,1.0,4.0,2000.0,0,0,1,1,1,189.0553577211509,1
130.0,5.0,2013.0,13.1,2.0,16.0,2000.0,0,0,1,1,1,186.68405182722108,3
350.0,7.0,2013.0,2.0,1.0,8.0,3300.0,0,0,0,1,1,189.0553577211509,0
115.0,4.65,2013.0,8.0,1.0,16.0,1800.0,0,0,0,1,0,198.2693503683076,2
109.0,4.66,2013.0,8.0,1.0,4.0,1800.0,0,0,0,1,1,190.33053303531184,2
136.5,4.0,2013.0,5.0,1.0,4.0,1400.0,0,0,0,1,1,183.42157253596574,1
135.0,5.0,2013.0,8.0,1.0,4.0,2500.0,0,0,0,1,1,183.42157253596574,3
135.0,5.0,2013.0,8.0,1.0,4.0,2500.0,0,0,0,1,1,190.33053303531184,2
169.0,6.57,2020.0,32.0,8.0,256.0,3800.0,1,1,1,1,0,261.1259586908739,3
206.0,6.67,2020.0,8.0,8.0,128.0,5000.0,0,0,0,1,1,268.3185428785657,1
178.0,6.53,2020.0,16.0,8.0,128.0,3800.0,0,1,1,1,0,274.5378650738527,3
188.0,6.5,2020.0,13.0,8.0,256.0,4200.0,1,1,1,1,0,264.2852818936745,3
189.0,6.5,2020.0,16.0,8.0,128.0,4000.0,0,1,1,1,0,268.3185428785657,2
206.0,6.67,2020.0,8.0,4.0,128.0,5000.0,0,0,0,1,1,267.6848277804014,1
206.0,6.67,2020.0,8.0,4.0,128.0,5000.0,0,0,0,1,1,274.5378650738527,1
197.0,6.63,2020.0,16.0,8.0,128.0,4200.0,0,0,1,1,0,268.3185428785657,1
197.0,6.63,2020.0,16.0,8.0,128.0,4200.0,0,1,1,1,0,273.488140522405,2
188.0,6.6,2020.0,8.0,6.0,128.0,5000.0,0,1,1,1,1,264.2852818936745,2
67.7,1.41,2020.0,8.0,1.0,16.0,800.0,1,0,0,1,0,268.3185428785657,1
192.0,6.5,2020.0,16.0,8.0,128.0,4000.0,0,1,1,1,0,264.2852818936745,2
182.0,6.5,2020.0,16.0,8.0,128.0,4000.0,0,1,1,1,0,264.2852818936745,2
163.0,6.3,2020.0,16.0,4.0,128.0,4000.0,1,0,1,1,0,267.6848277804014,2
163.0,6.3,2020.0,16.0,6.0,128.0,4000.0,1,0,1,1,0,268.3185428785657,2
189.0,6.5,2020.0,16.0,6.0,128.0,4000.0,1,1,1,1,0,268.3185428785657,2
192.0,6.47,2020.0,32.0,8.0,256.0,4200.0,1,0,1,1,0,267.6848277804014,3
185.0,6.3,2020.0,8.0,4.0,64.0,5000.0,1,0,0,1,1,267.6848277804014,0
144.0,5.45,2020.0,8.0,2.0,32.0,3020.0,0,0,0,1,1,274.5378650738527,0
160.0,6.21,2020.0,8.0,4.0,128.0,3400.0,1,0,1,1,1,274.5378650738527,1
180.0,6.53,2020.0,32.0,8.0,256.0,4000.0,1,1,1,1,0,261.1259586908739,3
189.0,6.5,2020.0,16.0,8.0,256.0,4000.0,0,1,1,1,0,261.1259586908739,3
175.0,6.1,2020.0,32.0,8.0,256.0,3800.0,1,1,1,1,0,261.1259586908739,3
176.0,6.39,2020.0,8.0,4.0,64.0,4000.0,0,0,0,1,1,261.1259586908739,1
183.0,6.4,2020.0,16.0,6.0,128.0,4200.0,1,0,1,1,0,261.1259586908739,1
152.9,6.15,2020.0,32.0,6.0,256.0,3340.0,1,0,1,1,1,261.1259586908739,2
176.0,6.39,2020.0,8.0,4.0,64.0,4000.0,0,0,0,1,1,268.3185428785657,1
183.0,6.4,2020.0,16.0,8.0,128.0,4200.0,0,0,1,1,0,267.6848277804014,2
150.0,6.09,2020.0,13.0,3.0,64.0,3020.0,1,0,0,1,1,273.488140522405,0
206.0,6.59,2019.0,16.0,6.0,128.0,4000.0,0,0,0,1,1,268.3185428785657,2
183.0,6.4,2019.0,16.0,8.0,128.0,4200.0,0,0,1,1,0,268.3185428785657,2
206.0,6.59,2019.0,16.0,6.0,128.0,4000.0,0,0,0,1,1,274.5378650738527,2
178.0,6.26,2019.0,32.0,6.0,128.0,4000.0,0,0,1,1,0,268.3185428785657,1
163.0,6.3,2019.0,16.0,6.0,128.0,4000.0,0,0,1,1,0,261.1259586908739,1
176.0,6.39,2019.0,8.0,6.0,128.0,4000.0,0,0,0,1,1,268.3185428785657,1
178.0,6.26,2019.0,32.0,8.0,256.0,4000.0,0,0,1,1,0,273.488140522405,2
163.5,6.59,2019.0,16.0,8.0,128.0,4000.0,0,0,1,1,1,261.1259586908739,1
174.0,6.26,2019.0,32.0,8.0,128.0,3750.0,1,0,1,1,0,273.488140522405,2
171.0,6.39,2019.0,32.0,8.0,256.0,3500.0,1,0,1,1,0,273.488140522405,3
171.0,6.39,2019.0,32.0,8.0,128.0,3500.0,0,0,1,1,0,268.3185428785657,3
178.0,6.4,2019.0,24.0,8.0,128.0,4000.0,0,0,1,1,1,264.2852818936745,2
196.8,6.59,2019.0,16.0,4.0,128.0,4000.0,0,0,1,1,1,268.3185428785657,2
178.0,6.4,2019.0,16.0,4.0,128.0,4000.0,1,0,1,1,1,273.488140522405,2
196.8,6.59,2019.0,16.0,4.0,64.0,4000.0,1,0,1,1,1,267.6848277804014,2
233.0,7.2,2019.0,24.0,8.0,256.0,4200.0,1,1,1,1,0,268.3185428785657,3
192.0,6.47,2019.0,32.0,8.0,512.0,4200.0,1,0,1,1,0,267.6848277804014,3
165.0,6.1,2019.0,32.0,8.0,256.0,3650.0,1,0,1,1,0,268.3185428785657,3
159.0,6.15,2019.0,24.0,8.0,256.0,3340.0,1,0,1,1,1,268.3185428785657,2
159.0,6.15,2019.0,32.0,8.0,128.0,3340.0,0,0,1,1,1,268.3185428785657,2
146.0,5.71,2019.0,13.0,2.0,32.0,3020.0,1,0,0,1,1,267.6848277804014,0
150.0,6.09,2019.0,13.0,3.0,64.0,3020.0,0,0,0,1,1,273.488140522405,0
160.0,6.21,2019.0,8.0,6.0,128.0,3400.0,0,0,1,1,1,264.2852818936745,1
210.0,7.12,2018.0,8.0,4.0,128.0,5000.0,0,0,0,1,1,267.6848277804014,2
150.0,6.09,2019.0,13.0,3.0,32.0,3020.0,0,0,0,1,1,273.488140522405,0
150.0,6.09,2019.0,13.0,2.0,32.0,3020.0,0,0,0,1,1,261.1259586908739,0
168.0,6.26,2019.0,8.0,4.0,64.0,4000.0,0,0,0,1,1,264.2852818936745,1
168.0,6.26,2019.0,16.0,3.0,64.0,4000.0,0,0,0,1,1,264.2852818936745,1
168.0,6.26,2019.0,16.0,4.0,128.0,4000.0,1,0,0,1,1,261.1259586908739,1
142.0,5.45,2018.0,8.0,1.0,16.0,3020.0,0,0,0,1,1,268.3185428785657,0
172.0,6.4,2018.0,25.0,8.0,128.0,3750.0,0,0,1,1,0,268.3185428785657,3
160.0,6.21,2018.0,16.0,3.0,64.0,3400.0,1,0,1,1,1,274.5378650738527,1
168.0,6.26,2018.0,8.0,4.0,64.0,4000.0,0,0,0,1,1,261.1259586908739,0
232.0,7.2,2018.0,24.0,8.0,256.0,5000.0,1,0,1,1,0,268.3185428785657,3
189.0,6.39,2018.0,24.0,8.0,256.0,4200.0,1,0,1,1,0,264.2852818936745,3
188.0,6.53,2018.0,24.0,6.0,128.0,4000.0,1,0,1,1,0,274.5378650738527,3
160.0,6.21,2018.0,8.0,3.0,64.0,3400.0,0,0,1,1,1,274.5378650738527,2
142.0,5.45,2018.0,13.0,2.0,16.0,3020.0,0,0,0,1,1,267.6848277804014,0
175.0,5.0,2018.0,8.0,1.0,8.0,2280.0,0,0,0,1,1,274.5378650738527,0
150.0,5.7,2018.0,13.0,3.0,32.0,3000.0,1,0,0,1,1,261.1259586908739,1
150.0,5.7,2018.0,13.0,2.0,16.0,3000.0,1,0,0,1,1,274.5378650738527,1
183.0,6.0,2018.0,24.0,6.0,512.0,4000.0,1,0,1,1,0,261.1259586908739,3
180.0,6.1,2018.0,24.0,8.0,256.0,4000.0,1,0,1,1,0,274.5378650738527,3
165.0,5.8,2018.0,24.0,6.0,128.0,3400.0,1,0,1,1,0,268.3185428785657,3
145.0,5.84,2018.0,16.0,4.0,128.0,3000.0,1,0,0,1,1,267.6848277804014,2
155.0,5.99,2018.0,8.0,3.0,32.0,3000.0,0,0,0,1,1,268.3185428785657,1
155.0,5.99,2018.0,8.0,3.0,32.0,3000.0,1,0,0,1,1,274.5378650738527,1
155.0,5.99,2018.0,13.0,2.0,16.0,3000.0,1,0,0,1,1,274.5378650738527,1
143.0,5.65,2017.0,8.0,4.0,64.0,3000.0,1,0,0,1,1,268.3185428785657,1
178.0,6.0,2017.0,8.0,6.0,256.0,4000.0,1,0,1,1,0,268.3185428785657,3
178.0,6.0,2017.0,8.0,6.0,128.0,4000.0,1,0,1,1,0,268.3185428785657,3
186.0,5.9,2017.0,8.0,4.0,64.0,4000.0,1,0,1,1,1,274.5378650738527,2
145.0,5.0,2017.0,13.0,2.0,16.0,3020.0,0,0,0,1,1,268.3185428785657,1
165.0,5.5,2017.0,12.0,3.0,32.0,4000.0,0,0,0,1,1,264.2852818936745,1
169.0,5.5,2017.0,20.0,4.0,128.0,3340.0,0,0,0,1,1,267.6848277804014,3
143.0,5.0,2017.0,20.0,4.0,64.0,2950.0,0,0,0,1,1,274.5378650738527,2
140.0,5.0,2016.0,13.0,2.0,16.0,2200.0,0,0,0,1,1,264.2852818936745,0
250.0,7.0,2017.0,2.0,2.0,16.0,3100.0,0,0,0,1,0,274.5378650738527,0
165.0,5.5,2017.0,12.0,2.0,16.0,4000.0,0,0,0,1,1,273.488140522405,1
150.0,5.0,2017.0,13.0,2.0,16.0,3000.0,1,0,0,1,1,274.5378650738527,1
150.0,5.0,2017.0,8.0,2.0,16.0,3000.0,0,0,0,1,1,261.1259586908739,0
175.0,5.0,2017.0,8.0,1.0,8.0,2200.0,0,0,0,1,1,264.2852818936745,0
165.0,5.5,2017.0,8.0,6.0,128.0,3750.0,1,0,1,1,1,274.5378650738527,2
145.0,5.1,2017.0,8.0,4.0,64.0,3200.0,1,0,1,1,1,268.3185428785657,2
146.0,5.2,2017.0,12.0,4.0,64.0,3000.0,1,0,1,1,1,274.5378650738527,2
147.0,5.2,2017.0,12.0,4.0,64.0,3000.0,1,0,0,1,1,261.1259586908739,1
138.0,5.0,2016.0,13.0,3.0,32.0,3020.0,0,0,0,1,1,267.6848277804014,2
169.0,5.5,2016.0,8.0,6.0,128.0,4000.0,1,0,1,1,0,267.6848277804014,3
169.0,5.5,2016.0,8.0,6.0,256.0,4000.0,1,0,1,1,0,268.3185428785657,3
190.0,5.9,2016.0,8.0,4.0,64.0,4000.0,1,0,1,1,1,274.5378650738527,3
145.0,5.0,2016.0,13.0,3.0,16.0,4100.0,0,0,0,1,1,267.6848277804014,1
160.0,5.5,2016.0,16.0,3.0,32.0,3340.0,1,0,0,1,1,274.5378650738527,2
146.0,5.0,2016.0,12.0,3.0,32.0,3020.0,0,0,0,1,1,274.5378650738527,1
250.0,7.0,2016.0,13.0,3.0,32.0,4360.0,0,0,0,1,1,264.2852818936745,2
278.0,7.0,2016.0,2.0,2.0,16.0,4100.0,0,0,0,1,1,261.1259586908739,1
160.0,5.5,2016.0,16.0,4.0,64.0,3340.0,0,0,0,1,1,274.5378650738527,2
278.0,7.0,2016.0,5.0,2.0,16.0,4100.0,0,0,0,1,1,268.3185428785657,0
250.0,7.0,2016.0,13.0,3.0,32.0,4360.0,0,0,0,1,1,267.6848277804014,1
150.0,4.5,2016.0,5.0,1.0,8.0,2100.0,0,0,0,1,1,261.1259586908739,0
135.0,5.0,2016.0,8.0,1.0,8.0,2200.0,0,0,0,1,1,264.2852818936745,0
147.0,5.2,2016.0,13.0,3.0,16.0,3000.0,1,0,0,1,1,274.5378650738527,2
162.0,5.5,2016.0,12.0,4.0,64.0,3400.0,1,0,1,1,1,268.3185428785657,3
144.0,5.2,2016.0,12.0,4.0,64.0,3000.0,1,0,1,1,1,261.1259586908739,3
135.0,5.0,2015.0,13.0,2.0,16.0,2200.0,0,0,0,1,1,274.5378650738527,1
185.0,6.0,2015.0,16.0,4.0,64.0,4000.0,1,0,1,1,1,274.5378650738527,3
167.0,5.5,2015.0,13.0,3.0,32.0,3000.0,0,0,0,1,1,268.3185428785657,1
160.0,5.0,2015.0,13.0,2.0,16.0,4000.0,0,0,0,1,1,273.488140522405,1
178.0,5.7,2015.0,12.3,3.0,128.0,3450.0,1,0,1,1,0,273.488140522405,3
156.0,5.5,2015.0,13.0,3.0,128.0,2700.0,1,0,0,1,1,264.2852818936745,3
125.0,5.0,2015.0,8.0,2.0,8.0,2200.0,0,0,0,1,1,273.488140522405,0
141.5,4.5,2015.0,5.0,1.0,8.0,2000.0,0,0,0,1,1,261.1259586908739,0
160.0,5.0,2015.0,8.0,1.0,4.0,2000.0,0,0,0,1,1,267.6848277804014,0
131.0,5.0,2015.0,13.0,2.0,16.0,2200.0,0,0,0,1,1,261.1259586908739,1
131.0,5.0,2015.0,13.0,2.0,16.0,2200.0,1,0,0,1,1,268.3185428785657,1
228.0,6.8,2015.0,13.0,3.0,64.0,4360.0,0,0,1,1,1,268.3185428785657,3
144.0,5.2,2015.0,13.0,3.0,64.0,2680.0,1,0,0,1,1,268.3185428785657,2
150.0,5.0,2015.0,5.0,1.0,8.0,2200.0,0,0,0,1,1,273.488140522405,1
239.0,7.0,2015.0,13.0,3.0,32.0,5000.0,0,0,1,1,1,261.1259586908739,3
178.0,5.0,2015.0,5.0,1.0,4.0,2000.0,0,0,0,1,1,268.3185428785657,1
173.0,6.0,2014.0,8.0,1.0,8.0,3500.0,1,0,0,1,1,261.1259586908739,1
185.0,6.0,2014.0,13.0,3.0,64.0,4100.0,1,0,1,1,1,261.1259586908739,3
160.0,5.0,2014.0,8.0,1.0,8.0,2000.0,1,0,0,1,1,274.5378650738527,1
153.0,4.5,2014.0,5.0,1.0,4.0,2000.0,0,0,0,1,1,268.3185428785657,0
165.0,5.5,2014.0,13.0,2.0,16.0,3000.0,1,0,0,1,1,261.1259586908739,2
185.0,6.0,2014.0,13.0,3.0,32.0,4100.0,1,0,1,1,1,264.2852818936745,3
145.0,4.5,2014.0,5.0,1.0,8.0,2000.0,0,0,0,1,1,268.3185428785657,0
160.0,5.0,2014.0,8.0,1.0,4.0,2000.0,1,0,0,1,1,264.2852818936745,1
124.0,5.0,2014.0,13.0,2.0,16.0,2500.0,1,0,1,1,0,267.6848277804014,2
115.0,4.5,2014.0,8.0,1.0,8.0,2000.0,1,0,0,1,1,268.3185428785657,1
180.0,5.5,2014.0,5.0,1.0,4.0,2300.0,0,0,0,1,1,268.3185428785657,2
115.0,4.5,2014.0,8.0,1.0,8.0,2000.0,1,0,0,1,1,268.3185428785657,2
115.0,4.5,2014.0,8.0,1.0,4.0,2000.0,0,0,0,1,1,261.1259586908739,2
239.0,7.0,2014.0,13.0,2.0,16.0,5000.0,0,0,1,1,1,268.3185428785657,3
350.0,7.0,2014.0,3.15,1.0,8.0,4100.0,0,0,0,1,1,264.2852818936745,1
120.0,4.7,2014.0,8.0,2.0,16.0,2000.0,0,0,0,1,0,268.3185428785657,3
202.0,6.1,2014.0,13.0,2.0,16.0,4050.0,0,0,0,1,1,273.488140522405,3
150.0,5.0,2013.0,8.0,1.0,8.0,2400.0,0,0,0,1,1,261.1259586908739,2
155.0,5.0,2013.0,8.0,2.0,8.0,2150.0,0,0,0,1,1,264.2852818936745,1
170.0,5.0,2013.0,5.0,1.0,4.0,2150.0,0,0,0,1,1,261.1259586908739,1
155.0,4.5,2013.0,5.0,1.0,4.0,1700.0,0,0,0,1,1,264.2852818936745,1
350.0,7.0,2013.0,3.15,1.0,8.0,4100.0,0,0,0,1,1,268.3185428785657,1
335.0,7.0,2013.0,3.15,1.0,8.0,4100.0,0,0,0,1,1,261.1259586908739,1
120.0,4.7,2013.0,8.0,2.0,16.0,2000.0,0,0,0,1,1,261.1259586908739,2
140.0,4.0,2013.0,5.0,1.0,4.0,1650.0,0,0,0,1,1,273.488140522405,0
122.0,4.7,2013.0,13.0,1.0,16.0,2420.0,1,0,0,1,0,267.6848277804014,2
145.0,4.5,2013.0,8.0,1.0,8.0,2150.0,0,0,0,1,1,274.5378650738527,2
150.0,4.5,2013.0,5.0,1.0,4.0,1950.0,0,0,0,1,1,268.3185428785657,2
198.0,6.1,2013.0,8.0,2.0,8.0,4050.0,0,0,1,1,1,274.5378650738527,2
170.0,5.0,2013.0,13.0,2.0,32.0,3000.0,0,0,1,1,0,274.5378650738527,3
112.0,5.0,2015.0,8.0,1.0,8.0,1900.0,0,0,0,1,1,235.2296705340115,1
138.0,4.5,2014.0,5.0,1.0,4.0,1700.0,0,0,0,1,1,247.63214307851243,0
129.0,4.0,2014.0,5.0,1.0,4.0,1500.0,0,0,0,1,1,235.2296705340115,0
143.0,5.0,2014.0,13.0,1.0,16.0,2300.0,1,0,0,1,1,235.2296705340115,1
104.5,5.0,2013.0,8.0,1.0,4.0,1800.0,0,0,0,1,1,244.0321430785124,0
200.0,5.0,2013.0,8.0,1.0,4.0,2000.0,0,0,0,1,1,240.43214307851244,1
165.0,6.53,2020.0,8.0,8.0,256.0,4000.0,0,0,0,1,1,297.981493566867,0
178.0,6.1,2020.0,5.0,2.0,16.0,3200.0,0,0,1,1,1,297.981493566867,0
196.0,6.55,2020.0,16.0,6.0,128.0,5100.0,0,0,1,1,1,306.9995799100632,1
181.0,6.52,2020.0,13.0,4.0,64.0,4000.0,0,0,0,1,1,280.89691126870673,1
305.0,6.0,2020.0,16.0,8.0,128.0,10000.0,0,0,0,1,1,306.9995799100632,1
185.0,6.1,2020.0,5.0,2.0,32.0,5000.0,0,0,0,1,1,306.9995799100632,0
205.0,6.53,2020.0,13.0,8.0,128.0,4000.0,0,0,0,1,1,294.29964292355373,0
192.0,6.2,2020.0,13.0,8.0,128.0,4350.0,0,0,0,1,1,304.66626991505973,0
135.6,5.45,2018.0,8.0,2.0,16.0,2670.0,0,0,0,1,1,295.9688645369782,0
141.0,5.7,2017.0,16.0,4.0,32.0,3030.0,0,0,0,1,1,304.66626991505973,1
241.0,6.43,2017.0,8.0,6.0,128.0,5000.0,1,0,0,1,1,306.9995799100632,3
199.0,6.0,2017.0,13.0,4.0,64.0,5000.0,0,0,0,1,1,304.66626991505973,2
180.0,6.01,2017.0,8.0,6.0,64.0,4000.0,1,0,0,1,1,304.66626991505973,3
166.0,5.2,2017.0,13.0,3.0,16.0,4000.0,0,0,0,1,1,304.66626991505973,1
161.0,5.3,2017.0,13.0,3.0,32.0,4000.0,0,0,0,1,1,280.89691126870673,1
176.0,5.5,2017.0,16.0,4.0,64.0,3700.0,0,0,1,1,1,295.9688645369782,2
151.0,5.2,2017.0,13.0,4.0,32.0,3100.0,0,0,0,1,1,306.9995799100632,1
215.0,6.0,2017.0,12.0,6.0,256.0,6020.0,0,0,0,1,1,294.29964292355373,3
226.0,6.0,2017.0,20.0,4.0,64.0,4550.0,0,0,0,1,1,294.29964292355373,3
182.0,5.5,2017.0,13.0,4.0,64.0,4010.0,0,0,0,1,1,280.89691126870673,2
162.0,5.3,2017.0,13.0,4.0,32.0,4000.0,0,0,0,1,1,280.89691126870673,2
238.0,5.7,2016.0,8.0,6.0,128.0,7000.0,0,0,0,1,0,280.89691126870673,3
160.0,5.0,2016.0,8.0,3.0,32.0,4000.0,0,0,0,1,1,297.981493566867,2
168.2,5.5,2016.0,13.0,4.0,64.0,3000.0,0,0,0,1,1,297.981493566867,3
167.0,5.0,2016.0,8.0,2.0,16.0,2300.0,0,0,0,1,1,297.981493566867,1
183.0,5.5,2016.0,13.0,3.0,32.0,3100.0,0,0,0,1,1,280.89691126870673,1
166.0,5.5,2016.0,13.0,3.0,32.0,3150.0,0,0,0,1,1,306.9995799100632,2
170.0,5.5,2016.0,13.0,4.0,64.0,3130.0,0,0,0,1,1,297.981493566867,3
153.0,4.5,2016.0,5.0,1.0,8.0,1800.0,0,0,0,1,1,297.981493566867,0
207.7,4.2,2016.0,16.0,4.0,64.0,2530.0,0,0,0,1,1,304.66626991505973,3
147.2,5.5,2016.0,16.0,4.0,64.0,3000.0,0,0,0,1,1,306.9995799100632,3
200.0,5.5,2015.0,8.0,3.0,16.0,5000.0,0,0,0,1,1,280.89691126870673,3
208.0,6.0,2015.0,13.0,3.0,64.0,5020.0,0,0,0,1,1,297.981493566867,3
183.0,5.0,2015.0,8.0,3.0,32.0,4000.0,0,0,0,1,1,304.66626991505973,1
153.0,5.0,2015.0,5.0,1.0,16.0,2000.0,0,0,0,1,1,297.981493566867,0
147.0,5.5,2015.0,13.0,3.0,32.0,3150.0,0,0,0,1,1,297.981493566867,2
136.6,5.0,2015.0,8.0,2.0,16.0,2400.0,0,0,0,1,1,297.981493566867,0
210.0,6.0,2015.0,24.0,3.0,64.0,3500.0,1,0,1,1,1,295.9688645369782,3
176.0,5.0,2015.0,8.0,2.0,16.0,5000.0,0,0,0,1,1,295.9688645369782,2
211.0,5.5,2015.0,13.0,3.0,32.0,6020.0,0,0,0,1,1,294.29964292355373,3
125.3,5.2,2015.0,13.0,2.0,16.0,2700.0,0,0,0,1,0,295.9688645369782,3
180.3,5.0,2014.0,8.0,1.0,8.0,5000.0,0,0,0,1,1,297.981493566867,1
97.7,4.8,2014.0,8.0,1.0,16.0,2050.0,0,0,0,1,0,306.9995799100632,2
150.0,5.0,2015.0,5.0,1.0,8.0,1950.0,0,0,0,1,1,297.981493566867,0
88.2,4.5,2014.0,5.0,1.0,8.0,1800.0,0,0,0,1,1,306.9995799100632,0
103.5,4.7,2014.0,8.0,1.0,8.0,1800.0,0,0,0,1,1,306.9995799100632,1
133.0,5.0,2014.0,13.0,2.0,16.0,2300.0,0,0,0,1,0,297.981493566867,2
150.0,5.5,2013.0,16.0,3.0,32.0,2500.0,1,0,0,1,0,297.981493566867,3
135.0,4.8,2013.0,8.0,1.0,16.0,2000.0,0,0,0,1,0,304.66626991505973,1
154.8,5.45,2019.0,8.0,2.0,16.0,2800.0,0,0,0,1,1,249.51547641184575,0
133.3,5.0,2019.0,5.0,1.0,16.0,2000.0,0,0,0,1,1,267.1987015401954,0
120.0,5.0,2018.0,8.0,2.0,16.0,2000.0,0,0,0,1,1,249.51547641184575,0
469.0,5.5,2018.0,16.0,3.0,32.0,9000.0,0,0,0,1,1,247.65324699474084,2
190.0,6.49,2020.0,16.0,6.0,128.0,4300.0,1,1,1,1,1,419.55969322007957,1
188.0,6.52,2020.0,8.0,4.0,64.0,5000.0,0,0,1,1,1,413.2945963887891,1
188.0,6.55,2020.0,16.0,12.0,256.0,4500.0,1,1,1,1,0,419.55969322007957,3
199.0,6.78,2020.0,16.0,12.0,256.0,4510.0,1,1,1,1,0,387.18689622464314,3
180.0,6.55,2020.0,16.0,12.0,256.0,4300.0,1,1,1,1,0,422.13529204096307,3
180.0,6.55,2020.0,16.0,8.0,128.0,4300.0,1,1,1,1,0,419.55969322007957,3
180.0,6.55,2020.0,16.0,8.0,128.0,4300.0,1,1,1,1,0,394.6046548725896,3
206.0,6.67,2019.0,16.0,12.0,256.0,4085.0,1,1,1,1,0,394.6046548725896,3
206.0,6.67,2019.0,16.0,12.0,256.0,4085.0,1,0,1,1,0,387.18689622464314,3
190.0,6.55,2019.0,16.0,8.0,256.0,3800.0,1,0,1,1,0,422.13529204096307,3
206.0,6.67,2019.0,16.0,12.0,256.0,4000.0,1,1,1,1,0,387.18689622464314,3
206.0,6.67,2019.0,16.0,12.0,256.0,4000.0,1,0,1,1,0,414.5431429593134,3
182.0,6.41,2019.0,16.0,12.0,256.0,3700.0,1,0,1,1,0,413.2945963887891,3
185.0,6.41,2018.0,16.0,10.0,256.0,3700.0,1,0,1,1,0,413.2945963887891,3
185.0,6.41,2018.0,16.0,8.0,256.0,3700.0,1,0,1,1,0,419.55969322007957,1
177.0,6.28,2018.0,16.0,8.0,256.0,3300.0,1,0,1,1,0,413.2945963887891,3
162.0,6.01,2017.0,16.0,8.0,128.0,3300.0,1,0,1,1,0,419.55969322007957,3
153.0,5.5,2017.0,16.0,8.0,128.0,3300.0,1,0,0,1,0,422.13529204096307,3
158.0,5.5,2016.0,16.0,6.0,128.0,3400.0,1,0,0,1,0,419.55969322007957,3
158.0,5.5,2016.0,16.0,6.0,64.0,3000.0,1,0,0,1,0,387.18689622464314,3
138.0,5.0,2015.0,13.0,3.0,16.0,2525.0,0,0,0,1,1,394.6046548725896,2
175.0,5.5,2015.0,13.0,4.0,64.0,3300.0,0,0,0,1,0,422.13529204096307,3
162.0,5.5,2014.0,13.0,3.0,64.0,3100.0,1,0,0,1,0,387.18689622464314,2
234.0,7.0,2013.0,3.15,2.0,16.0,4100.0,0,0,0,1,1,266.9185716942149,0
206.0,6.67,2020.0,8.0,6.0,256.0,4500.0,1,1,1,1,1,270.54112263872497,3
206.0,6.82,2021.0,8.0,4.0,128.0,5000.0,1,0,0,1,1,293.3043811294766,1
210.0,6.53,2020.0,16.0,6.0,128.0,4500.0,0,1,1,1,1,277.43771446280994,3
172.0,6.47,2020.0,16.0,8.0,256.0,4500.0,1,0,1,1,1,285.09785730888433,3
210.0,6.53,2020.0,16.0,6.0,128.0,4500.0,1,1,1,1,1,285.09785730888433,3
177.0,6.47,2020.0,24.0,6.0,128.0,4500.0,1,0,1,1,1,270.54112263872497,3
180.0,6.53,2020.0,16.0,6.0,128.0,4000.0,1,0,1,1,1,290.77171446280994,1
192.0,6.53,2019.0,24.0,6.0,128.0,3820.0,1,0,1,1,1,280.3443811294766,3
198.0,6.53,2020.0,21.0,6.0,128.0,4000.0,0,0,0,1,1,213.78979604486423,0
202.5,6.3,2020.0,8.0,4.0,64.0,4000.0,0,0,0,1,1,204.9071429593134,0
202.8,6.52,2020.0,8.0,6.0,128.0,4900.0,0,0,0,1,1,213.78979604486423,0
195.0,6.53,2020.0,16.0,4.0,64.0,4000.0,0,1,1,1,1,199.39948989079105,3
170.0,6.36,2019.0,13.0,3.0,32.0,4000.0,0,0,1,1,1,213.78979604486423,1
145.0,6.22,2019.0,16.0,4.0,64.0,4000.0,0,0,0,1,1,205.23142867768598,0
135.0,5.71,2019.0,13.0,3.0,32.0,3000.0,0,0,0,1,1,199.39948989079105,0
177.0,6.2,2018.0,8.0,4.0,64.0,4000.0,0,0,0,1,1,202.8341616061804,1
170.0,5.5,2018.0,13.0,4.0,64.0,4070.0,0,0,0,1,1,202.8341616061804,0
175.0,5.5,2017.0,13.0,6.0,64.0,4060.0,0,0,1,1,0,204.9071429593134,1
152.0,5.5,2017.0,12.0,4.0,64.0,3200.0,0,0,0,1,0,202.8341616061804,3
184.3,5.0,2017.0,5.0,1.0,8.0,2450.0,0,0,0,1,1,213.78979604486423,0
148.0,5.0,2017.0,13.0,3.0,16.0,2500.0,0,0,0,1,1,199.39948989079105,0
167.0,5.5,2016.0,13.0,4.0,64.0,4060.0,0,0,1,1,0,213.78979604486423,1
148.0,5.0,2017.0,13.0,3.0,16.0,2500.0,0,0,0,1,1,213.78979604486423,2
168.0,5.5,2016.0,16.0,6.0,128.0,4070.0,0,0,1,1,0,199.39948989079105,3
170.0,5.5,2016.0,8.0,2.0,16.0,3050.0,0,0,0,1,1,199.39948989079105,0
173.4,5.5,2016.0,13.0,4.0,64.0,4010.0,0,0,0,1,1,199.39948989079105,1
143.0,5.5,2016.0,8.0,2.0,16.0,2500.0,0,0,0,1,1,205.23142867768598,1
143.0,5.5,2016.0,8.0,3.0,16.0,2500.0,0,0,0,1,1,199.39948989079105,0
163.0,5.5,2016.0,13.0,3.0,16.0,2500.0,0,0,0,1,1,199.39948989079105,1
168.0,5.5,2016.0,13.0,3.0,16.0,3000.0,0,0,0,1,1,202.8341616061804,0
170.0,5.5,2016.0,13.0,4.0,64.0,2800.0,0,0,1,1,1,199.39948989079105,3
125.0,5.0,2016.0,8.0,1.0,8.0,2000.0,0,0,0,1,1,202.8341616061804,0
120.0,4.7,2016.0,8.0,2.0,16.0,1800.0,0,0,0,1,1,199.58465618304257,1
142.0,5.0,2016.0,13.0,3.0,16.0,2500.0,0,0,0,1,1,213.78979604486423,0
158.0,5.5,2015.0,8.0,1.0,8.0,2500.0,0,0,0,1,1,199.39948989079105,1
119.0,4.7,2015.0,8.0,1.0,8.0,1800.0,0,0,0,1,1,205.23142867768598,1
150.0,5.0,2016.0,8.0,2.0,16.0,2500.0,0,0,0,1,1,260.3259742674681,1
141.0,4.5,2013.0,8.0,1.0,16.0,2100.0,1,0,0,1,1,259.3441560856499,1
135.0,4.8,2013.0,12.6,1.0,16.0,2100.0,1,0,1,1,1,266.9185716942149,3
62.5,3.3,2018.0,12.0,3.0,32.0,800.0,0,0,0,1,0,266.9185716942149,3
199.0,6.53,2021.0,13.0,4.0,128.0,5000.0,1,1,1,1,1,280.2136621406755,2
198.0,6.53,2021.0,8.0,6.0,128.0,6000.0,1,0,1,1,1,272.55510019473735,1
214.5,6.67,2021.0,16.0,8.0,128.0,4820.0,1,1,0,1,1,280.2136621406755,2
196.0,6.81,2020.0,20.0,12.0,256.0,4600.0,1,1,1,1,0,276.16374262780664,3
198.0,6.53,2020.0,8.0,4.0,128.0,6000.0,0,0,1,1,1,276.16374262780664,0
215.0,6.67,2020.0,16.0,8.0,256.0,4820.0,1,1,1,1,1,272.55510019473735,2
199.0,6.53,2020.0,13.0,8.0,256.0,5000.0,0,1,1,1,1,270.4945496285635,2
198.0,6.53,2020.0,8.0,8.0,256.0,6000.0,0,0,1,1,1,272.55510019473735,2
198.0,6.53,2020.0,8.0,4.0,128.0,6000.0,0,0,1,1,1,276.16374262780664,1
216.0,6.67,2020.0,20.0,8.0,256.0,5000.0,1,1,1,1,0,272.55510019473735,3
194.0,6.43,2020.0,5.0,4.0,64.0,5000.0,0,0,0,1,1,271.8965512181474,0
218.0,6.67,2020.0,20.0,8.0,256.0,5000.0,1,1,1,1,0,276.16374262780664,3
216.0,6.67,2020.0,20.0,8.0,128.0,5000.0,1,1,1,1,0,276.16374262780664,3
214.5,6.67,2020.0,16.0,6.0,128.0,4820.0,1,1,1,1,1,276.16374262780664,2
194.0,6.53,2020.0,13.0,2.0,32.0,5000.0,0,0,0,1,1,271.8965512181474,0
194.0,6.53,2020.0,13.0,4.0,128.0,5000.0,0,0,0,1,1,283.9506420096138,0
198.0,6.53,2020.0,8.0,6.0,128.0,5000.0,0,0,1,1,1,276.16374262780664,0
225.0,6.67,2020.0,20.0,8.0,128.0,6000.0,0,0,1,1,1,272.55510019473735,2
215.0,6.67,2020.0,20.0,6.0,128.0,5160.0,1,0,1,1,1,276.16374262780664,2
194.0,6.53,2020.0,5.0,4.0,128.0,5000.0,0,0,0,1,1,270.4945496285635,0
221.8,6.67,2020.0,20.0,16.0,512.0,4500.0,1,1,1,1,0,280.2136621406755,3
213.0,6.67,2020.0,20.0,8.0,512.0,4500.0,1,1,1,1,0,283.9506420096138,3
198.0,6.53,2020.0,8.0,4.0,128.0,5020.0,0,0,1,1,1,272.55510019473735,0
222.0,6.67,2020.0,20.0,12.0,256.0,4729.0,0,1,1,1,0,271.8965512181474,3
209.0,6.67,2020.0,16.0,6.0,128.0,5000.0,0,0,1,1,1,280.2136621406755,1
196.0,6.53,2020.0,13.0,6.0,128.0,5000.0,0,0,0,1,1,276.16374262780664,0
196.0,6.53,2020.0,5.0,3.0,64.0,5000.0,1,0,0,1,1,276.16374262780664,0
196.0,6.53,2020.0,5.0,4.0,64.0,5000.0,0,0,0,1,1,276.16374262780664,0
198.0,6.53,2020.0,8.0,6.0,128.0,5020.0,1,0,1,1,1,280.2136621406755,0
208.0,6.57,2020.0,20.0,8.0,256.0,4520.0,1,1,1,1,1,276.16374262780664,2
205.0,6.57,2020.0,16.0,8.0,256.0,4520.0,0,1,1,1,1,271.8965512181474,2
199.0,6.53,2020.0,13.0,6.0,128.0,5020.0,0,0,1,1,1,280.2136621406755,1
219.0,6.67,2020.0,20.0,8.0,256.0,4700.0,1,1,1,1,0,272.55510019473735,3
209.0,6.67,2020.0,16.0,8.0,128.0,5020.0,1,0,1,1,1,271.8965512181474,2
199.0,6.53,2020.0,13.0,6.0,128.0,5020.0,1,0,1,1,1,283.9506420096138,1
204.0,6.47,2020.0,16.0,8.0,128.0,5260.0,1,0,1,1,0,272.55510019473735,2
192.0,6.57,2020.0,16.0,8.0,256.0,4160.0,1,1,1,1,0,276.16374262780664,2
192.0,6.57,2020.0,16.0,8.0,256.0,4160.0,1,1,1,1,0,270.4945496285635,3
218.0,6.67,2020.0,20.0,12.0,512.0,4700.0,1,1,1,1,0,270.4945496285635,3
218.0,6.67,2020.0,20.0,12.0,256.0,4700.0,1,1,1,1,0,276.16374262780664,3
209.0,6.67,2020.0,16.0,6.0,128.0,5020.0,0,0,1,1,1,270.4945496285635,1
209.0,6.67,2020.0,32.0,8.0,128.0,5020.0,0,0,1,1,1,272.55510019473735,1
209.0,6.67,2020.0,16.0,6.0,128.0,5020.0,0,0,1,1,1,272.55510019473735,1
253.0,7.1,2020.0,20.0,12.0,512.0,5000.0,0,1,1,1,0,276.16374262780664,3
222.0,6.67,2020.0,20.0,12.0,256.0,4720.0,0,1,1,1,0,271.8965512181474,3
208.0,6.67,2020.0,20.0,12.0,512.0,4500.0,1,1,1,1,0,276.16374262780664,3
208.0,6.67,2020.0,20.0,12.0,256.0,4780.0,1,1,1,1,0,272.55510019473735,3
188.0,6.22,2020.0,8.0,3.0,32.0,5000.0,0,0,0,1,1,270.4945496285635,0
188.0,6.22,2020.0,8.0,3.0,64.0,5000.0,0,0,0,1,1,276.16374262780664,0
200.0,6.3,2019.0,13.0,4.0,128.0,4000.0,1,0,1,1,1,270.4945496285635,3
208.0,6.47,2019.0,32.0,8.0,256.0,5260.0,1,0,1,1,0,272.55510019473735,3
208.0,6.47,2019.0,32.0,6.0,256.0,5260.0,1,0,1,1,0,270.4945496285635,3
208.0,6.47,2019.0,32.0,8.0,256.0,5260.0,1,0,1,1,0,272.55510019473735,3
188.0,6.22,2019.0,12.0,4.0,64.0,5000.0,0,0,0,1,1,272.55510019473735,0
188.0,6.22,2019.0,12.0,4.0,64.0,5000.0,0,0,0,1,1,270.4945496285635,0
196.0,6.39,2019.0,20.0,12.0,512.0,4000.0,1,1,1,1,0,271.8965512181474,3
196.0,6.39,2019.0,20.0,12.0,512.0,4000.0,1,0,1,1,0,270.4945496285635,3
191.0,6.39,2019.0,20.0,12.0,512.0,4000.0,1,0,1,1,0,280.2136621406755,3
179.0,6.39,2019.0,32.0,6.0,128.0,4030.0,1,0,1,1,1,276.16374262780664,3
200.0,6.53,2019.0,20.0,8.0,256.0,4500.0,1,0,1,1,1,280.2136621406755,1
205.0,6.39,2019.0,20.0,12.0,256.0,4000.0,0,0,1,1,0,276.16374262780664,3
173.8,6.09,2019.0,32.0,6.0,128.0,4030.0,0,0,1,1,1,276.16374262780664,2
165.0,5.45,2019.0,13.0,3.0,32.0,4000.0,0,0,0,1,1,270.4945496285635,0
179.0,6.39,2019.0,32.0,8.0,256.0,4030.0,1,0,1,1,1,280.2136621406755,2
173.8,6.01,2019.0,32.0,6.0,128.0,4030.0,0,0,1,1,1,283.9506420096138,1
191.0,6.39,2019.0,20.0,8.0,256.0,4000.0,1,0,1,1,0,283.9506420096138,3
191.0,6.39,2019.0,20.0,6.0,128.0,4000.0,1,0,1,1,0,276.16374262780664,3
191.0,6.39,2019.0,20.0,8.0,256.0,4000.0,1,0,1,1,0,270.4945496285635,3
191.0,6.39,2019.0,20.0,8.0,256.0,4000.0,1,0,1,1,0,276.16374262780664,3
186.0,6.3,2019.0,13.0,4.0,64.0,4000.0,0,0,1,1,1,276.16374262780664,1
180.0,6.26,2019.0,32.0,4.0,64.0,4000.0,0,0,0,1,1,272.55510019473735,0
205.0,6.39,2019.0,20.0,12.0,256.0,4000.0,0,0,1,1,0,272.55510019473735,3
180.0,6.26,2019.0,12.0,4.0,64.0,4000.0,0,0,0,1,1,280.2136621406755,1
186.0,6.3,2019.0,13.0,6.0,128.0,4000.0,0,0,1,1,1,270.4945496285635,1
173.0,6.39,2019.0,20.0,12.0,256.0,3300.0,1,0,1,1,0,270.4945496285635,3
155.0,5.97,2019.0,20.0,6.0,128.0,3070.0,1,0,1,1,0,276.16374262780664,3
173.0,6.39,2019.0,20.0,8.0,256.0,3300.0,1,0,1,1,0,280.2136621406755,3
137.0,5.0,2019.0,8.0,1.0,16.0,3000.0,0,0,0,1,1,283.9506420096138,0
186.0,6.3,2019.0,13.0,6.0,128.0,4000.0,0,0,1,1,1,276.16374262780664,1
150.0,5.84,2018.0,8.0,4.0,64.0,3000.0,0,0,1,1,1,270.4945496285635,1
190.0,6.01,2018.0,20.0,10.0,256.0,4000.0,0,0,1,1,0,270.4945496285635,3
177.0,6.21,2018.0,20.0,8.0,128.0,3000.0,1,0,1,1,0,271.8965512181474,3
169.0,6.26,2018.0,24.0,6.0,128.0,3350.0,0,0,1,1,1,276.16374262780664,2
182.0,6.18,2018.0,20.0,8.0,256.0,4000.0,0,0,1,1,1,276.16374262780664,3
166.0,5.99,2018.0,20.0,6.0,128.0,3000.0,0,0,1,1,0,271.8965512181474,3
178.0,5.84,2018.0,5.0,4.0,64.0,4000.0,0,0,1,1,1,272.55510019473735,3
221.0,6.9,2018.0,8.0,6.0,128.0,5500.0,0,0,1,1,1,283.9506420096138,3
146.0,5.45,2018.0,5.0,4.0,64.0,3000.0,0,0,0,1,1,272.55510019473735,1
145.0,5.45,2018.0,13.0,3.0,32.0,3000.0,0,0,0,1,1,272.55510019473735,0
175.0,6.21,2018.0,20.0,8.0,256.0,3400.0,1,0,1,1,0,271.8965512181474,3
164.0,5.88,2018.0,20.0,6.0,128.0,3120.0,0,0,1,1,0,272.55510019473735,2
170.0,5.99,2018.0,16.0,4.0,64.0,3080.0,0,0,0,1,1,276.16374262780664,1
191.0,5.99,2018.0,5.0,8.0,256.0,3400.0,1,0,1,1,0,276.16374262780664,2
181.0,5.99,2018.0,13.0,6.0,64.0,4000.0,0,0,1,1,1,272.55510019473735,1
181.0,5.99,2018.0,20.0,6.0,64.0,4000.0,0,0,1,1,1,283.9506420096138,1
190.0,5.99,2018.0,20.0,8.0,128.0,4000.0,0,0,1,1,0,270.4945496285635,3
180.0,5.99,2018.0,12.0,4.0,64.0,4000.0,0,0,0,1,1,272.55510019473735,1
157.0,5.7,2017.0,12.0,4.0,64.0,3300.0,0,0,0,1,1,270.4945496285635,1
137.0,5.0,2017.0,13.0,3.0,32.0,3000.0,0,0,0,1,1,270.4945496285635,0
153.0,5.5,2017.0,13.0,4.0,64.0,3080.0,0,0,0,1,1,272.55510019473735,1
150.0,5.5,2017.0,13.0,2.0,16.0,3080.0,0,0,0,1,1,283.9506420096138,0
163.0,5.5,2017.0,16.0,6.0,128.0,3500.0,1,0,1,1,0,276.16374262780664,2
185.0,5.99,2017.0,12.0,8.0,256.0,3400.0,1,0,1,1,0,270.4945496285635,3
165.0,5.5,2017.0,5.0,4.0,64.0,3080.0,0,0,1,1,1,280.2136621406755,1
211.0,6.44,2017.0,12.0,4.0,128.0,5300.0,0,0,1,1,1,272.55510019473735,1
150.0,5.0,2017.0,13.0,4.0,64.0,4100.0,0,0,0,1,1,276.16374262780664,0
168.0,5.15,2017.0,8.0,6.0,128.0,3350.0,1,0,1,1,0,283.9506420096138,3
135.0,5.15,2017.0,12.0,3.0,64.0,2860.0,0,0,1,1,0,280.2136621406755,1
165.0,5.5,2017.0,13.0,4.0,64.0,4100.0,0,0,0,1,1,283.9506420096138,0
165.0,5.5,2017.0,13.0,4.0,64.0,4100.0,0,0,0,1,1,280.2136621406755,1
131.5,5.0,2016.0,13.0,2.0,32.0,3120.0,0,0,0,1,1,271.8965512181474,0
156.0,5.0,2016.0,13.0,2.0,16.0,4100.0,0,0,1,1,1,280.2136621406755,0
156.0,5.0,2016.0,13.0,3.0,32.0,4100.0,0,0,1,1,1,276.16374262780664,1
209.0,6.4,2016.0,16.0,6.0,256.0,4400.0,1,0,1,1,0,272.55510019473735,3
166.0,5.7,2016.0,22.5,6.0,128.0,4070.0,1,0,1,1,0,280.2136621406755,3
168.0,5.7,2016.0,4.0,6.0,128.0,3800.0,1,0,1,1,0,270.4945496285635,3
145.0,5.15,2016.0,12.0,4.0,128.0,3200.0,1,0,1,1,0,283.9506420096138,2
175.0,5.5,2016.0,13.0,4.0,64.0,4100.0,0,0,1,1,1,270.4945496285635,1
174.0,5.5,2016.0,5.0,4.0,128.0,4050.0,0,0,0,1,1,276.16374262780664,1
144.0,5.0,2016.0,13.0,2.0,32.0,4100.0,0,0,0,1,1,276.16374262780664,1
144.0,5.0,2016.0,13.0,3.0,32.0,4100.0,0,0,0,1,1,272.55510019473735,1
144.0,5.0,2016.0,13.0,2.0,16.0,4100.0,0,0,0,1,1,280.2136621406755,0
144.0,5.0,2016.0,13.0,3.0,32.0,4100.0,0,0,0,1,1,271.8965512181474,0
203.0,6.44,2016.0,16.0,4.0,128.0,4850.0,0,0,1,1,1,280.2136621406755,1
129.0,5.15,2016.0,16.0,4.0,128.0,3000.0,1,0,1,1,0,271.8965512181474,2
133.0,5.0,2016.0,13.0,3.0,64.0,3260.0,0,0,1,1,1,276.16374262780664,2
164.0,5.5,2016.0,16.0,3.0,32.0,4050.0,0,0,1,1,1,276.16374262780664,1
144.0,5.0,2016.0,13.0,2.0,16.0,4100.0,0,0,0,1,1,271.8965512181474,1
185.0,5.5,2015.0,13.0,2.0,16.0,3100.0,0,0,0,1,1,276.16374262780664,1
164.0,5.5,2015.0,13.0,3.0,32.0,4000.0,0,0,1,1,0,271.8965512181474,1
132.0,5.0,2015.0,13.0,3.0,32.0,3080.0,0,0,1,1,0,283.9506420096138,2
160.0,5.5,2015.0,13.0,2.0,32.0,3060.0,0,0,1,1,1,280.2136621406755,1
133.0,4.7,2015.0,8.0,2.0,16.0,2200.0,0,0,0,1,1,271.8965512181474,0
133.0,4.7,2015.0,8.0,2.0,16.0,2200.0,0,0,0,1,1,271.8965512181474,0
130.0,5.0,2015.0,13.0,2.0,32.0,3120.0,0,0,1,1,0,270.4945496285635,2
161.0,5.7,2015.0,13.0,4.0,64.0,3000.0,0,0,1,1,0,276.16374262780664,2
161.0,5.7,2015.0,13.0,3.0,64.0,3000.0,0,0,1,1,0,276.16374262780664,1
132.0,4.7,2015.0,8.0,1.0,8.0,2200.0,0,0,0,1,1,276.16374262780664,0
133.0,4.7,2015.0,8.0,2.0,16.0,2200.0,0,0,0,1,1,270.4945496285635,0
149.0,5.0,2014.0,13.0,3.0,16.0,3080.0,0,0,1,1,0,276.16374262780664,2
185.0,5.5,2014.0,13.0,2.0,8.0,3100.0,0,0,1,1,1,276.16374262780664,1
149.0,5.0,2014.0,13.0,3.0,64.0,3080.0,0,0,1,1,0,276.16374262780664,2
199.0,5.5,2014.0,13.0,2.0,8.0,3100.0,0,0,0,1,1,280.2136621406755,0
145.0,5.0,2013.0,13.0,2.0,64.0,3050.0,1,0,1,1,0,283.9506420096138,1
158.0,4.7,2014.0,8.0,1.0,8.0,2000.0,0,0,0,1,1,276.16374262780664,0
158.0,4.7,2013.0,8.0,1.0,4.0,2000.0,0,0,0,1,1,283.9506420096138,0
145.0,4.3,2013.0,8.0,2.0,32.0,2000.0,0,0,1,1,0,280.2136621406755,2
212.0,6.7,2021.0,16.0,6.0,128.0,5000.0,1,1,1,1,1,220.1780269991852,3
213.0,6.8,2021.0,16.0,4.0,128.0,4000.0,0,0,1,1,1,227.6011794019743,2
206.5,6.6,2021.0,8.0,4.0,64.0,5000.0,0,0,1,1,1,227.6011794019743,1
204.0,6.5,2021.0,5.0,3.0,32.0,5000.0,0,0,1,1,1,220.4704696110841,1
180.0,6.5,2020.0,5.0,4.0,64.0,4000.0,0,0,0,1,1,220.1780269991852,0
212.0,6.7,2020.0,16.0,6.0,128.0,5000.0,1,1,1,1,1,230.22696691220506,3
221.0,6.8,2020.0,16.0,4.0,128.0,6000.0,1,0,1,1,1,220.1780269991852,3
192.0,6.2,2020.0,48.0,8.0,256.0,2800.0,1,1,1,1,0,220.4704696110841,3
223.0,6.81,2020.0,16.0,6.0,128.0,5000.0,1,0,1,1,1,220.1780269991852,2
200.0,6.5,2020.0,8.0,4.0,64.0,5000.0,0,0,0,1,1,220.1780269991852,1
200.0,6.5,2020.0,8.0,4.0,64.0,5000.0,1,0,1,1,1,230.22696691220506,1
200.0,6.5,2020.0,8.0,4.0,64.0,5000.0,1,0,1,1,1,220.4704696110841,0
202.0,6.5,2020.0,8.0,4.0,128.0,5000.0,0,0,1,1,1,216.80661156358306,1
210.0,6.5,2020.0,16.0,6.0,128.0,5000.0,0,0,1,1,1,216.80661156358306,2
188.0,6.3,2020.0,25.0,4.0,128.0,4000.0,1,0,1,1,1,214.23091995976512,1
189.4,6.4,2020.0,8.0,3.0,32.0,4000.0,0,0,1,1,1,214.23091995976512,0
185.0,6.2,2020.0,5.0,2.0,32.0,3550.0,0,0,1,1,1,227.6011794019743,0
192.0,6.4,2020.0,16.0,4.0,128.0,4000.0,1,0,1,1,1,220.1780269991852,2
203.0,6.7,2020.0,25.0,12.0,256.0,5000.0,1,1,1,1,0,220.4704696110841,3
188.0,6.7,2020.0,25.0,6.0,256.0,4500.0,1,1,1,1,1,214.23091995976512,3
200.0,6.5,2020.0,8.0,4.0,64.0,5000.0,0,0,0,1,1,216.80661156358306,1
160.0,6.1,2020.0,5.0,4.0,64.0,3000.0,0,0,0,1,1,230.22696691220506,0
188.3,6.4,2020.0,8.0,4.0,64.0,4000.0,0,0,0,1,1,214.23091995976512,1
192.0,6.4,2020.0,16.0,4.0,128.0,4000.0,0,0,1,1,1,216.80661156358306,1
199.0,6.4,2020.0,16.0,4.0,64.0,5000.0,0,0,1,1,1,227.6011794019743,0
197.0,6.4,2020.0,16.0,4.0,64.0,5000.0,0,0,0,1,1,214.23091995976512,1
210.0,6.5,2019.0,32.0,4.0,128.0,4000.0,1,0,1,1,1,216.80661156358306,2
205.0,6.2,2019.0,5.0,6.0,128.0,2510.0,1,0,1,1,0,214.23091995976512,3
183.6,6.2,2019.0,8.0,2.0,32.0,4000.0,0,0,0,1,1,220.4704696110841,1
140.0,5.5,2019.0,13.0,2.0,32.0,3000.0,0,0,0,1,1,230.22696691220506,0
188.0,6.3,2019.0,25.0,4.0,64.0,4000.0,1,0,1,1,1,227.6011794019743,1
186.0,6.2,2019.0,8.0,4.0,64.0,4000.0,0,0,0,1,1,216.80661156358306,1
149.7,6.1,2019.0,8.0,4.0,64.0,3000.0,0,0,0,1,1,227.6011794019743,0
190.0,6.39,2019.0,25.0,4.0,128.0,4000.0,1,0,1,1,1,220.4704696110841,2
176.0,6.3,2019.0,12.0,4.0,128.0,3500.0,1,0,1,1,1,230.22696691220506,1
159.0,5.5,2019.0,13.0,2.0,16.0,3000.0,0,0,0,1,1,227.6011794019743,0
165.0,6.4,2019.0,48.0,4.0,128.0,3600.0,1,0,1,1,1,216.80661156358306,3
180.0,6.3,2019.0,25.0,4.0,128.0,3500.0,1,0,1,1,1,230.22696691220506,1
176.0,6.2,2019.0,12.0,4.0,64.0,3000.0,1,0,1,1,1,216.80661156358306,0
172.0,6.2,2019.0,8.0,4.0,64.0,3000.0,1,0,1,1,1,230.22696691220506,0
193.0,6.2,2019.0,12.0,4.0,64.0,5000.0,1,0,0,1,1,216.80661156358306,0
149.0,5.7,2019.0,13.0,2.0,32.0,3000.0,0,0,0,1,1,216.80661156358306,0
162.0,5.9,2018.0,8.0,4.0,64.0,3000.0,1,0,1,1,1,230.22696691220506,1
205.0,6.2,2018.0,12.0,6.0,64.0,5000.0,0,0,1,1,1,220.4704696110841,2
156.0,6.01,2018.0,8.0,6.0,128.0,3000.0,1,0,1,1,1,227.6011794019743,2
156.0,6.01,2018.0,8.0,6.0,128.0,3000.0,1,0,1,1,1,216.80661156358306,3
150.0,5.2,2018.0,8.0,2.0,16.0,2800.0,0,0,1,1,1,220.1780269991852,0
150.3,5.2,2018.0,8.0,1.0,16.0,2800.0,0,0,0,1,1,220.4704696110841,0
150.0,5.2,2018.0,8.0,2.0,16.0,2800.0,0,0,1,1,1,220.4704696110841,0
196.6,6.0,2018.0,12.0,3.0,32.0,5000.0,0,0,1,1,1,230.22696691220506,1
174.0,5.7,2018.0,13.0,2.0,16.0,4000.0,1,0,0,1,1,220.4704696110841,1
170.0,6.2,2018.0,12.0,6.0,128.0,3000.0,0,0,1,1,1,214.23091995976512,2
175.0,5.7,2018.0,13.0,3.0,32.0,4000.0,1,0,1,1,1,216.80661156358306,1
167.0,5.9,2018.0,8.0,6.0,128.0,3200.0,1,0,1,1,1,220.4704696110841,1
167.0,5.7,2018.0,8.0,4.0,64.0,3000.0,1,0,1,1,1,220.1780269991852,0
163.0,5.2,2017.0,16.0,6.0,64.0,3000.0,1,0,1,1,1,214.23091995976512,1
168.0,5.5,2017.0,13.0,4.0,64.0,3000.0,1,0,1,1,1,220.4704696110841,1
157.0,5.2,2017.0,16.0,4.0,32.0,3000.0,1,0,0,1,1,230.22696691220506,1
143.0,5.5,2017.0,12.0,6.0,128.0,2730.0,1,0,1,1,1,220.4704696110841,3
198.0,5.5,2017.0,13.0,3.0,32.0,5000.0,1,0,0,1,1,230.22696691220506,0
181.0,5.5,2017.0,13.0,2.0,32.0,5000.0,0,0,0,1,1,230.22696691220506,1
151.0,5.0,2017.0,8.0,2.0,16.0,2800.0,1,0,0,1,1,227.6011794019743,1
150.0,5.0,2017.0,8.0,2.0,16.0,2800.0,0,0,0,1,1,220.4704696110841,0
145.0,5.5,2017.0,12.0,4.0,64.0,3000.0,1,0,0,1,1,230.22696691220506,2
162.0,5.0,2017.0,8.0,2.0,16.0,4000.0,0,0,0,1,1,220.4704696110841,0
154.0,5.0,2017.0,5.0,1.0,16.0,2350.0,0,0,0,1,1,220.4704696110841,0
155.0,5.2,2017.0,12.0,4.0,64.0,3000.0,1,0,1,1,1,220.4704696110841,2
145.0,5.0,2017.0,13.0,3.0,32.0,2800.0,0,0,1,1,1,220.4704696110841,1
163.0,5.5,2016.0,16.0,4.0,64.0,3050.0,0,0,1,1,1,216.80661156358306,1
153.5,5.0,2016.0,8.0,2.0,16.0,3500.0,0,0,0,1,1,220.4704696110841,0
165.0,5.5,2016.0,16.0,3.0,32.0,3510.0,1,0,0,1,1,230.22696691220506,2
140.6,5.0,2016.0,8.0,1.0,8.0,2800.0,0,0,0,1,1,214.23091995976512,0
163.0,5.5,2016.0,21.0,4.0,64.0,3500.0,1,0,1,1,1,216.80661156358306,2
136.0,5.5,2016.0,13.0,4.0,64.0,2600.0,1,0,1,1,1,220.4704696110841,2
155.0,5.5,2016.0,16.0,4.0,64.0,3000.0,0,0,0,1,1,230.22696691220506,1
155.0,5.5,2016.0,13.0,2.0,32.0,3000.0,0,0,1,1,1,220.4704696110841,0
137.0,5.0,2016.0,8.0,2.0,16.0,2800.0,1,0,0,1,1,227.6011794019743,0
155.0,5.0,2015.0,13.0,2.0,16.0,2470.0,0,0,0,1,1,220.4704696110841,2
169.0,5.4,2015.0,21.0,3.0,64.0,3760.0,1,0,1,1,1,220.4704696110841,2
170.1,5.4,2015.0,21.0,3.0,64.0,3760.0,1,0,1,1,1,220.4704696110841,3
169.0,5.5,2015.0,21.0,2.0,16.0,3630.0,1,0,1,1,1,220.4704696110841,3
179.0,5.7,2015.0,21.0,3.0,64.0,3000.0,1,0,1,1,1,216.80661156358306,2
169.0,5.5,2015.0,21.0,2.0,32.0,3630.0,1,0,1,1,1,220.4704696110841,2
169.0,5.5,2015.0,21.0,2.0,32.0,3630.0,1,0,1,1,1,220.4704696110841,2
155.0,5.0,2015.0,13.0,2.0,16.0,2470.0,0,0,0,1,1,216.80661156358306,1
145.0,4.5,2015.0,5.0,1.0,8.0,2390.0,0,0,0,1,1,216.80661156358306,0
145.0,4.5,2015.0,5.0,1.0,8.0,2390.0,0,0,0,1,1,220.4704696110841,0
155.0,5.0,2015.0,8.0,1.0,8.0,2390.0,0,0,0,1,1,227.6011794019743,2
155.0,5.0,2015.0,8.0,1.0,16.0,2390.0,0,0,0,1,1,220.1780269991852,2
176.0,5.2,2014.0,21.0,3.0,64.0,3900.0,1,0,1,1,0,216.80661156358306,3
169.0,5.2,2014.0,21.0,3.0,64.0,3900.0,1,0,1,1,0,220.4704696110841,2
184.0,5.96,2014.0,13.0,3.0,64.0,3220.0,1,0,1,1,0,216.80661156358306,3
144.0,5.2,2014.0,13.0,2.0,64.0,2300.0,1,0,1,1,0,220.1780269991852,3
149.0,5.0,2014.0,8.0,1.0,16.0,2070.0,0,0,0,1,1,227.6011794019743,1
149.0,5.0,2014.0,8.0,1.0,8.0,2070.0,0,0,0,1,1,227.6011794019743,1
143.0,4.5,2014.0,5.0,1.0,8.0,2070.0,0,0,0,1,1,216.80661156358306,1
125.9,4.3,2014.0,8.0,1.0,8.0,2000.0,0,0,1,1,1,220.1780269991852,2
142.0,4.3,2014.0,5.0,1.0,4.0,1980.0,0,0,0,1,1,216.80661156358306,0
142.0,4.3,2014.0,5.0,1.0,4.0,1980.0,0,0,0,1,1,220.1780269991852,0
143.0,4.5,2014.0,5.0,1.0,16.0,2070.0,0,0,0,1,0,220.4704696110841,1
143.0,4.5,2013.0,5.0,1.0,16.0,2070.0,0,0,0,1,0,216.80661156358306,0
130.0,4.7,2013.0,10.0,2.0,64.0,2200.0,1,0,1,1,0,220.1780269991852,2
137.0,5.0,2013.0,10.0,2.0,16.0,2130.0,1,0,1,1,0,220.4704696110841,2
167.0,5.0,2013.0,10.0,2.0,32.0,3500.0,1,0,0,1,0,216.80661156358306,2
130.0,4.3,2013.0,10.0,2.0,16.0,2000.0,1,0,1,1,0,220.1780269991852,1
120.0,4.0,2013.0,8.0,1.0,4.0,2000.0,1,0,0,1,1,220.4704696110841,2
110.0,3.5,2013.0,5.0,1.0,4.0,1785.0,0,0,0,1,1,230.22696691220506,1
236.0,5.2,2015.0,21.0,4.0,64.0,3160.0,1,0,1,1,1,1458.1321430785126,3
193.0,4.7,2014.0,13.0,2.0,64.0,2275.0,1,0,1,1,0,1778.5321430785125,3
192.0,4.7,2014.0,13.0,2.0,64.0,2275.0,1,0,1,1,0,1522.0321430785125,3
122.0,5.0,2016.0,8.0,1.0,16.0,2000.0,1,0,0,1,1,245.12410730888433,1
165.0,5.7,2015.0,20.0,3.0,32.0,3340.0,1,0,1,1,1,227.52857158483232,3
150.0,5.2,2015.0,20.0,3.0,32.0,3000.0,1,0,1,1,1,234.99910730888433,2
152.0,5.0,2015.0,8.0,1.0,8.0,2200.0,0,0,0,1,1,247.1491073088843,0
127.9,4.0,2015.0,2.0,1.0,8.0,1500.0,0,0,0,1,1,235.88809538567497,0
171.0,5.7,2015.0,13.0,1.0,8.0,3000.0,1,0,0,1,1,235.88809538567497,1
171.0,5.7,2015.0,13.0,1.0,8.0,3000.0,1,0,0,1,1,247.1491073088843,1
145.0,5.0,2015.0,8.0,1.0,8.0,2500.0,1,0,0,1,1,245.12410730888433,1
145.0,5.0,2015.0,8.0,1.0,8.0,2500.0,1,0,0,1,1,235.88809538567497,0
145.0,5.0,2015.0,8.0,1.0,8.0,2500.0,0,0,0,1,1,234.99910730888433,1
136.3,4.0,2015.0,5.0,1.0,8.0,1560.0,0,0,0,1,1,244.04621864365586,0
134.1,4.0,2015.0,2.0,1.0,8.0,1560.0,0,0,0,1,1,235.88809538567497,0
146.0,5.0,2014.0,5.0,1.0,8.0,1905.0,0,0,0,1,1,235.88809538567497,0
227.0,6.8,2021.0,40.0,16.0,512.0,5000.0,1,1,1,1,0,324.4674407796144,3
200.0,6.7,2021.0,10.0,8.0,256.0,4800.0,1,1,1,1,0,316.4780060724646,3
169.0,6.2,2021.0,10.0,8.0,256.0,4000.0,1,1,1,1,0,316.4780060724646,3
196.0,6.5,2021.0,5.0,4.0,64.0,5000.0,0,0,0,1,1,319.8127610257403,0
205.0,6.5,2020.0,8.0,6.0,128.0,5000.0,1,0,0,1,1,324.4674407796144,1
206.0,6.5,2021.0,5.0,3.0,32.0,5000.0,0,0,0,1,1,324.59651972748196,0
196.0,6.5,2020.0,5.0,4.0,64.0,5000.0,0,0,0,1,1,324.59651972748196,1
191.0,6.4,2020.0,32.0,6.0,128.0,6000.0,0,0,1,1,1,319.8127610257403,2
191.0,6.4,2020.0,32.0,6.0,128.0,6000.0,0,0,1,1,1,324.59651972748196,1
191.0,6.4,2020.0,32.0,6.0,128.0,6000.0,0,0,1,1,1,324.4674407796144,1
190.0,6.5,2020.0,32.0,8.0,256.0,4500.0,1,1,1,1,1,310.02578689900724,3
190.0,6.5,2020.0,32.0,8.0,256.0,4500.0,1,0,1,1,1,319.8127610257403,3
193.0,6.6,2020.0,20.0,8.0,128.0,5000.0,1,1,1,1,1,319.8127610257403,3
213.0,6.7,2020.0,32.0,8.0,128.0,7000.0,1,0,1,1,1,316.4780060724646,3
188.8,6.5,2020.0,32.0,6.0,128.0,4500.0,1,1,1,1,1,310.02578689900724,3
208.0,6.9,2020.0,10.0,12.0,512.0,4500.0,1,1,1,1,1,316.4780060724646,3
208.0,6.9,2020.0,10.0,8.0,512.0,4500.0,1,0,1,1,1,320.29213073088846,3
192.0,6.7,2020.0,10.0,8.0,256.0,4300.0,1,1,1,1,0,319.8127610257403,3
192.0,6.7,2020.0,10.0,8.0,256.0,4300.0,1,0,1,1,0,310.02578689900724,3
183.0,6.7,2020.0,10.0,8.0,256.0,3300.0,1,1,1,1,0,316.4780060724646,3
203.0,6.5,2020.0,32.0,8.0,128.0,6000.0,1,0,1,1,1,319.8127610257403,3
168.0,6.2,2020.0,8.0,3.0,32.0,4000.0,0,0,0,1,1,310.02578689900724,0
150.0,5.3,2020.0,8.0,2.0,32.0,3000.0,0,0,0,1,1,324.4674407796144,0
150.0,5.3,2020.0,8.0,2.0,32.0,3000.0,0,0,0,1,1,320.29213073088846,0
168.0,5.7,2020.0,5.0,3.0,32.0,4000.0,0,0,0,1,1,324.4674407796144,0
192.0,6.5,2020.0,13.0,6.0,128.0,5000.0,1,0,1,1,1,324.4674407796144,1
154.0,5.0,2020.0,8.0,1.0,16.0,2600.0,0,0,0,1,1,316.4780060724646,1
185.0,6.7,2020.0,32.0,8.0,128.0,4500.0,1,1,1,1,1,319.8127610257403,3
185.0,6.7,2020.0,32.0,8.0,128.0,4500.0,1,1,1,1,1,324.4674407796144,3
187.0,6.5,2020.0,32.0,8.0,128.0,4500.0,1,1,1,1,1,324.4674407796144,3
193.0,6.5,2020.0,13.0,3.0,32.0,4000.0,1,0,1,1,1,316.4780060724646,0
197.0,6.4,2020.0,8.0,4.0,64.0,5000.0,0,0,0,1,1,320.29213073088846,0
185.0,6.4,2020.0,20.0,8.0,128.0,5000.0,1,0,1,1,1,316.4780060724646,1
152.0,6.1,2020.0,25.0,4.0,64.0,3500.0,1,0,1,1,1,310.02578689900724,1
188.0,6.4,2020.0,20.0,6.0,128.0,6000.0,0,0,1,1,1,320.29213073088846,2
177.0,6.4,2020.0,8.0,3.0,64.0,4000.0,0,0,0,1,1,316.4780060724646,1
191.0,6.4,2020.0,32.0,8.0,128.0,6000.0,1,0,1,1,1,324.4674407796144,2
222.0,6.9,2020.0,40.0,16.0,512.0,5000.0,1,1,1,1,1,319.8127610257403,3
220.0,6.9,2020.0,40.0,12.0,128.0,5000.0,1,0,1,1,1,316.4780060724646,3
188.0,6.7,2020.0,10.0,12.0,512.0,4500.0,1,1,1,1,1,320.29213073088846,3
186.0,6.7,2020.0,10.0,8.0,128.0,4500.0,1,0,1,1,1,324.4674407796144,3
168.1,6.2,2020.0,10.0,8.0,128.0,4000.0,1,1,1,1,0,319.8127610257403,3
163.0,6.2,2020.0,10.0,12.0,128.0,4000.0,1,1,1,1,1,324.59651972748196,3
163.0,6.2,2020.0,10.0,8.0,128.0,4000.0,1,0,1,1,1,310.02578689900724,3
183.0,6.7,2020.0,10.0,8.0,256.0,3300.0,1,0,1,1,0,319.8127610257403,3
218.0,6.3,2020.0,13.0,4.0,64.0,4050.0,1,0,1,1,1,310.02578689900724,3
199.0,6.7,2020.0,32.0,8.0,128.0,4500.0,1,0,1,1,1,319.8127610257403,3
186.0,6.7,2020.0,32.0,8.0,512.0,4500.0,1,0,1,1,1,319.8127610257403,3
149.0,5.7,2019.0,5.0,2.0,32.0,3000.0,0,0,0,1,1,319.8127610257403,0
179.0,6.7,2019.0,32.0,8.0,128.0,4500.0,1,0,1,1,1,320.29213073088846,3
172.0,6.5,2019.0,32.0,8.0,128.0,4000.0,1,0,1,1,1,324.59651972748196,2
256.0,5.1,2019.0,12.0,4.0,64.0,4500.0,1,0,1,1,1,310.02578689900724,3
187.0,6.7,2019.0,32.0,8.0,128.0,4500.0,1,0,1,1,1,319.8127610257403,3
183.0,6.5,2019.0,8.0,4.0,64.0,4000.0,0,0,0,1,1,324.59651972748196,1
188.0,6.4,2019.0,16.0,6.0,128.0,6000.0,1,0,1,1,1,324.59651972748196,2
169.0,6.4,2019.0,8.0,3.0,32.0,4000.0,0,0,0,1,1,324.59651972748196,0
206.0,6.7,2019.0,32.0,8.0,128.0,4500.0,1,1,1,1,1,319.8127610257403,3
169.0,6.4,2019.0,16.0,4.0,128.0,4000.0,1,0,1,1,1,319.8127610257403,2
169.0,6.4,2019.0,32.0,6.0,128.0,4000.0,1,0,1,1,1,320.29213073088846,2
198.0,6.8,2019.0,10.0,12.0,512.0,4300.0,1,1,1,1,1,310.02578689900724,3
196.0,6.8,2019.0,10.0,12.0,512.0,4300.0,1,0,1,1,1,324.4674407796144,3
168.0,6.3,2019.0,10.0,12.0,256.0,3500.0,1,1,1,1,0,319.8127610257403,3
168.0,6.3,2019.0,10.0,8.0,256.0,3500.0,1,0,1,1,0,319.8127610257403,3
168.0,6.2,2019.0,8.0,3.0,32.0,4000.0,0,0,0,1,1,324.4674407796144,0
141.0,5.83,2019.0,8.0,2.0,32.0,3000.0,0,0,1,1,1,324.4674407796144,0
172.0,5.0,2019.0,16.0,3.0,32.0,2800.0,1,0,1,1,1,319.8127610257403,2
142.0,5.0,2019.0,5.0,1.0,16.0,2600.0,0,0,0,1,1,319.8127610257403,0
157.0,6.1,2019.0,10.0,8.0,512.0,3400.0,1,0,1,1,1,324.59651972748196,3
150.0,5.8,2019.0,10.0,8.0,256.0,3100.0,1,0,1,1,1,319.8127610257403,3
168.0,6.3,2019.0,16.0,6.0,128.0,3500.0,1,0,1,1,1,324.59651972748196,1
174.0,6.4,2019.0,16.0,6.0,128.0,5000.0,0,0,1,1,1,319.8127610257403,3
186.0,6.3,2019.0,8.0,4.0,64.0,5000.0,1,0,0,1,1,319.8127610257403,2
163.0,6.22,2019.0,5.0,3.0,32.0,3400.0,0,0,0,1,1,324.4674407796144,2
183.0,6.7,2019.0,32.0,8.0,128.0,4500.0,1,0,1,1,1,310.02578689900724,2
168.0,6.3,2019.0,16.0,6.0,128.0,3500.0,1,0,1,1,1,324.4674407796144,3
166.0,6.4,2019.0,25.0,6.0,128.0,4000.0,1,0,1,1,1,324.4674407796144,2
140.0,5.9,2019.0,25.0,4.0,64.0,3100.0,1,0,1,1,1,319.8127610257403,3
165.0,6.4,2019.0,16.0,4.0,64.0,4000.0,0,0,1,1,1,316.4780060724646,2
141.0,5.8,2019.0,8.0,3.0,32.0,3000.0,1,0,0,1,1,324.59651972748196,1
169.0,6.4,2019.0,8.0,3.0,32.0,4000.0,1,0,0,1,1,319.8127610257403,0
168.0,6.2,2019.0,13.0,4.0,32.0,3400.0,0,0,0,1,1,310.02578689900724,2
173.0,6.4,2018.0,24.0,8.0,128.0,3400.0,1,0,1,1,0,319.8127610257403,3
183.0,6.0,2018.0,12.0,6.0,128.0,3300.0,0,0,0,1,1,316.4780060724646,3
183.0,6.3,2018.0,24.0,8.0,128.0,3800.0,1,0,1,1,1,319.8127610257403,2
168.0,6.0,2018.0,24.0,6.0,128.0,3300.0,1,0,1,1,1,319.8127610257403,2
178.0,6.0,2018.0,8.0,4.0,64.0,3300.0,1,0,0,1,1,324.4674407796144,1
177.0,6.0,2018.0,8.0,1.0,16.0,3300.0,0,0,0,1,1,324.59651972748196,1
178.0,6.0,2018.0,13.0,3.0,32.0,3300.0,1,0,0,1,1,316.4780060724646,2
154.0,5.0,2018.0,8.0,1.0,16.0,2600.0,0,0,0,1,1,316.4780060724646,0
154.0,5.6,2018.0,13.0,4.0,64.0,3000.0,0,0,0,1,1,319.8127610257403,0
181.0,5.5,2018.0,8.0,2.0,32.0,3300.0,1,0,1,1,1,319.8127610257403,1
152.0,5.0,2018.0,8.0,2.0,16.0,2600.0,0,0,0,1,1,319.8127610257403,1
191.0,6.3,2018.0,24.0,6.0,64.0,3700.0,1,0,1,1,1,310.02578689900724,3
150.0,5.8,2018.0,16.0,4.0,64.0,3000.0,1,0,1,1,1,319.8127610257403,3
177.0,6.0,2018.0,16.0,4.0,64.0,3500.0,0,0,0,1,1,319.8127610257403,3
154.0,5.6,2018.0,13.0,4.0,64.0,3000.0,0,0,0,1,1,310.02578689900724,1
175.0,5.5,2018.0,13.0,3.0,32.0,3000.0,0,0,0,1,1,319.8127610257403,1
186.0,6.0,2018.0,24.0,4.0,64.0,3500.0,1,0,0,1,1,320.29213073088846,2
162.0,5.6,2018.0,16.0,4.0,64.0,3000.0,1,0,0,1,1,316.4780060724646,2
174.0,5.5,2018.0,8.0,4.0,32.0,3000.0,0,0,1,1,1,316.4780060724646,2
170.0,5.5,2018.0,13.0,3.0,32.0,3300.0,0,0,0,1,1,320.29213073088846,1
163.0,5.8,2018.0,12.0,4.0,256.0,3000.0,1,0,1,1,1,319.8127610257403,2
153.0,5.0,2018.0,8.0,2.0,16.0,2600.0,0,0,0,1,1,319.8127610257403,0
191.0,6.0,2017.0,16.0,6.0,64.0,3500.0,1,0,1,1,1,320.29213073088846,3
172.0,5.6,2017.0,16.0,4.0,64.0,3000.0,1,0,1,1,1,316.4780060724646,2
130.0,4.7,2017.0,5.0,1.0,8.0,2000.0,0,0,0,1,1,310.02578689900724,0
180.0,5.5,2017.0,16.0,4.0,32.0,3000.0,0,0,1,1,1,316.4780060724646,2
208.1,5.8,2017.0,12.0,4.0,64.0,4000.0,1,0,1,1,1,319.8127610257403,3
167.3,5.5,2017.0,8.0,2.0,16.0,3300.0,0,0,1,1,1,324.4674407796144,2
167.0,5.7,2017.0,12.0,4.0,64.0,3200.0,1,0,1,1,1,310.02578689900724,3
179.0,5.7,2017.0,13.0,4.0,32.0,3300.0,0,0,1,1,1,319.8127610257403,1
181.0,5.5,2017.0,13.0,3.0,16.0,3600.0,1,0,1,1,1,324.4674407796144,1
181.0,5.5,2017.0,13.0,3.0,64.0,3600.0,1,0,1,1,1,310.02578689900724,1
160.0,5.2,2017.0,13.0,3.0,32.0,3000.0,1,0,1,1,1,324.59651972748196,0
142.0,5.0,2017.0,13.0,2.0,16.0,2400.0,1,0,0,1,1,324.4674407796144,0
165.0,3.8,2017.0,8.0,2.0,16.0,1950.0,0,0,0,1,1,319.8127610257403,1
143.0,4.5,2017.0,5.0,1.0,8.0,2050.0,0,0,0,1,1,319.8127610257403,0
155.0,5.8,2017.0,12.0,4.0,64.0,3000.0,1,0,1,1,1,324.59651972748196,1
173.0,6.2,2017.0,12.0,6.0,128.0,3500.0,1,0,1,1,1,320.29213073088846,3
145.0,5.2,2017.0,16.0,4.0,64.0,2600.0,1,0,1,1,1,324.59651972748196,2
172.0,5.0,2017.0,13.0,2.0,16.0,2800.0,1,0,1,1,1,316.4780060724646,2
126.0,4.0,2016.0,5.0,1.0,8.0,1500.0,0,0,0,1,1,316.4780060724646,0
147.0,5.0,2017.0,5.0,1.5,16.0,2600.0,0,0,1,1,1,310.02578689900724,2
172.0,5.7,2017.0,16.0,4.0,64.0,3300.0,1,0,1,1,1,310.02578689900724,3
186.0,5.7,2017.0,16.0,3.0,32.0,3600.0,1,0,1,1,1,319.8127610257403,2
157.0,5.2,2017.0,16.0,3.0,64.0,3000.0,1,0,1,1,1,319.8127610257403,1
138.0,4.7,2017.0,13.0,2.0,16.0,2350.0,1,0,1,1,1,319.8127610257403,2
160.0,5.0,2016.0,8.0,1.5,8.0,2600.0,0,0,0,1,1,324.4674407796144,1
160.0,5.0,2016.0,8.0,1.5,8.0,2600.0,0,0,0,1,1,319.8127610257403,0
189.0,6.0,2016.0,16.0,6.0,64.0,4000.0,1,0,1,1,1,319.8127610257403,3
182.0,5.7,2016.0,16.0,3.0,32.0,3300.0,1,0,1,1,1,316.4780060724646,3
169.0,5.5,2016.0,13.0,3.0,16.0,3300.0,1,0,0,1,1,320.29213073088846,1
167.0,5.5,2016.0,13.0,3.0,32.0,3300.0,0,0,0,1,1,319.8127610257403,1
143.0,5.0,2016.0,13.0,2.0,32.0,2400.0,0,0,0,1,1,316.4780060724646,0
167.0,5.5,2016.0,13.0,3.0,32.0,3300.0,0,0,0,1,1,324.4674407796144,2
127.0,4.0,2016.0,5.0,1.0,8.0,1500.0,0,0,0,1,1,320.29213073088846,0
169.0,5.7,2016.0,12.0,4.0,64.0,3500.0,1,0,1,1,1,320.29213073088846,3
169.0,5.7,2016.0,12.0,4.0,64.0,3500.0,1,0,1,1,1,324.59651972748196,3
172.0,5.5,2016.0,13.0,2.0,16.0,3000.0,0,0,0,1,1,324.59651972748196,1
149.0,5.0,2016.0,8.0,2.0,16.0,2600.0,0,0,0,1,1,316.4780060724646,0
289.0,7.0,2016.0,8.0,1.5,8.0,4000.0,0,0,0,1,1,319.8127610257403,1
138.0,5.0,2016.0,8.0,2.0,16.0,2600.0,0,0,0,1,1,316.4780060724646,1
138.0,5.0,2016.0,8.0,1.5,8.0,2600.0,0,0,0,1,1,319.8127610257403,0
154.0,4.5,2016.0,5.0,1.5,8.0,2200.0,1,0,1,1,1,319.8127610257403,1
184.8,5.1,2016.0,12.0,4.0,32.0,4000.0,1,0,1,1,1,319.8127610257403,3
139.0,5.0,2016.0,8.0,2.0,16.0,2600.0,1,0,0,1,1,316.4780060724646,0
169.0,5.7,2016.0,16.0,4.0,64.0,3300.0,1,0,1,1,1,319.8127610257403,2
143.0,5.2,2016.0,16.0,4.0,64.0,2600.0,1,0,0,1,1,324.4674407796144,2
210.0,6.0,2016.0,16.0,4.0,32.0,5000.0,1,0,1,1,1,319.8127610257403,3
170.0,5.5,2016.0,13.0,2.0,16.0,3300.0,1,0,0,1,1,324.4674407796144,2
159.0,5.2,2016.0,13.0,2.0,16.0,3100.0,1,0,0,1,1,324.59651972748196,1
283.0,7.0,2016.0,5.0,1.5,8.0,4000.0,0,0,0,1,1,319.8127610257403,0
152.0,5.1,2016.0,12.0,4.0,64.0,3000.0,1,0,1,1,1,324.4674407796144,1
157.0,5.5,2016.0,12.0,4.0,128.0,3600.0,1,0,1,1,1,320.29213073088846,3
157.0,5.5,2016.0,12.0,4.0,32.0,3600.0,1,0,1,1,1,320.29213073088846,3
152.0,5.1,2016.0,12.0,4.0,32.0,3000.0,1,0,1,1,1,324.4674407796144,3
123.0,4.0,2016.0,5.0,1.0,8.0,1500.0,0,0,0,1,1,319.8127610257403,0
131.0,4.5,2016.0,5.0,1.0,8.0,2050.0,0,0,0,1,1,316.4780060724646,0
200.0,6.0,2015.0,13.0,3.0,32.0,4000.0,1,0,1,1,1,310.02578689900724,1
172.0,5.5,2015.0,13.0,3.0,16.0,3300.0,1,0,1,1,1,319.8127610257403,1
155.0,5.2,2015.0,13.0,2.0,16.0,2900.0,1,0,1,1,1,319.8127610257403,1
132.0,4.7,2015.0,13.0,1.5,16.0,2300.0,1,0,0,1,1,320.29213073088846,0
138.9,5.0,2016.0,5.0,1.5,16.0,2600.0,0,0,0,1,1,319.8127610257403,0
138.0,5.0,2016.0,8.0,2.0,16.0,2600.0,1,0,0,1,1,319.8127610257403,0
172.0,5.5,2015.0,13.0,1.5,8.0,3000.0,0,0,0,1,1,319.8127610257403,1
149.0,5.0,2015.0,8.0,1.5,8.0,2600.0,0,0,0,1,1,310.02578689900724,1
137.0,5.0,2015.0,8.0,1.0,8.0,2600.0,0,0,0,1,1,319.8127610257403,0
131.0,4.3,2015.0,5.0,1.0,8.0,1900.0,0,0,0,1,1,316.4780060724646,1
171.0,5.7,2015.0,16.0,4.0,64.0,3000.0,1,0,1,1,0,324.4674407796144,3
171.0,5.7,2015.0,16.0,4.0,128.0,3000.0,1,0,1,1,0,316.4780060724646,3
153.0,5.7,2015.0,16.0,4.0,64.0,3000.0,1,0,1,1,0,319.8127610257403,3
153.0,5.7,2015.0,16.0,4.0,64.0,3000.0,1,0,1,1,0,324.59651972748196,3
145.0,5.1,2015.0,16.0,2.0,16.0,2800.0,1,0,1,1,1,320.29213073088846,3
107.0,4.3,2015.0,8.0,1.5,8.0,1900.0,1,0,1,1,1,310.02578689900724,1
155.0,3.8,2015.0,8.0,1.5,8.0,1800.0,0,0,0,1,1,320.29213073088846,2
151.0,5.7,2015.0,16.0,2.0,32.0,3050.0,0,0,1,1,1,319.8127610257403,2
151.0,5.7,2015.0,16.0,2.0,32.0,3050.0,1,0,1,1,1,324.59651972748196,2
170.0,5.5,2017.0,13.0,2.0,16.0,3000.0,0,0,0,1,1,316.4780060724646,1
171.0,5.5,2015.0,13.0,1.5,16.0,3000.0,1,0,0,1,1,324.4674407796144,1
146.0,5.0,2015.0,13.0,1.5,16.0,2600.0,1,0,0,1,1,319.8127610257403,1
170.0,5.1,2015.0,16.0,3.0,64.0,3500.0,1,0,1,1,0,324.4674407796144,3
322.0,7.0,2015.0,2.0,1.0,8.0,3600.0,0,0,0,1,1,324.59651972748196,0
154.0,4.5,2015.0,5.0,1.5,8.0,2200.0,1,0,0,1,1,324.59651972748196,2
132.0,5.1,2015.0,16.0,3.0,128.0,2600.0,1,0,1,1,0,319.8127610257403,3
140.0,5.1,2015.0,16.0,3.0,128.0,2550.0,1,0,1,1,0,324.59651972748196,3
132.0,5.1,2015.0,16.0,3.0,128.0,2600.0,1,0,1,1,0,319.8127610257403,2
138.0,5.1,2015.0,16.0,3.0,128.0,2550.0,1,0,1,1,0,319.8127610257403,3
138.0,5.1,2015.0,16.0,3.0,128.0,2550.0,1,0,1,1,0,324.4674407796144,2
129.0,4.7,2015.0,5.0,1.0,8.0,2000.0,1,0,0,1,1,320.29213073088846,1
310.0,7.0,2015.0,2.0,1.0,8.0,3600.0,0,0,0,1,1,320.29213073088846,0
141.0,5.5,2015.0,13.0,2.0,16.0,2600.0,1,0,1,1,1,316.4780060724646,3
161.0,5.25,2015.0,13.0,1.5,16.0,2500.0,0,0,1,1,1,319.8127610257403,2
141.0,5.5,2015.0,13.0,2.0,16.0,2950.0,1,0,0,1,1,310.02578689900724,2
140.0,5.0,2015.0,8.0,1.5,16.0,2400.0,0,0,0,1,1,319.8127610257403,1
130.0,4.5,2014.0,5.0,1.0,8.0,2000.0,1,0,0,1,1,324.4674407796144,1
123.0,5.0,2014.0,13.0,2.0,16.0,2300.0,1,0,1,1,1,324.4674407796144,2
123.0,5.0,2014.0,13.0,2.0,16.0,2300.0,1,0,1,1,1,324.59651972748196,3
110.3,4.5,2014.0,8.0,1.0,16.0,1900.0,1,0,0,1,1,316.4780060724646,2
110.3,4.5,2014.0,8.0,1.5,16.0,1900.0,1,0,0,1,1,310.02578689900724,1
145.0,5.1,2014.0,16.0,2.0,32.0,2800.0,1,0,1,1,1,324.4674407796144,3
152.0,5.0,2014.0,8.0,1.0,8.0,2600.0,0,0,0,1,1,319.8127610257403,1
156.0,5.0,2014.0,8.0,1.0,8.0,2600.0,1,0,0,1,1,324.4674407796144,1
126.0,4.3,2014.0,5.0,1.0,8.0,1900.0,1,0,0,1,1,324.4674407796144,1
174.0,5.6,2014.0,16.0,3.0,64.0,3000.0,1,0,1,1,1,324.59651972748196,3
175.0,5.7,2014.0,16.0,3.0,16.0,3000.0,1,0,1,1,1,316.4780060724646,3
176.0,5.7,2014.0,16.0,3.0,32.0,3220.0,1,0,1,1,1,320.29213073088846,2
176.0,5.7,2014.0,16.0,3.0,32.0,3220.0,1,0,1,1,1,320.29213073088846,3
194.0,6.0,2014.0,8.0,1.5,16.0,2800.0,1,0,1,1,1,319.8127610257403,3
145.0,5.1,2014.0,16.0,2.0,32.0,2800.0,1,0,1,1,1,310.02578689900724,3
115.0,4.7,2014.0,12.0,2.0,32.0,1860.0,1,0,1,1,0,324.4674407796144,3
115.0,4.7,2014.0,12.0,2.0,32.0,1860.0,1,0,1,1,0,316.4780060724646,3
118.0,4.5,2014.0,8.0,1.5,16.0,2100.0,0,0,1,1,1,320.29213073088846,2
136.9,4.5,2014.0,5.0,1.5,16.0,2100.0,1,0,0,1,1,316.4780060724646,1
120.0,4.5,2014.0,8.0,1.5,16.0,2100.0,1,0,1,1,1,319.8127610257403,2
130.3,4.0,2014.0,5.0,1.0,4.0,1800.0,1,0,0,1,1,324.59651972748196,2
158.0,5.1,2014.0,16.0,2.0,16.0,2800.0,1,0,1,1,1,319.8127610257403,3
145.0,5.1,2014.0,16.0,3.0,32.0,2800.0,1,0,1,1,1,324.4674407796144,3
149.0,4.7,2014.0,5.0,1.0,8.0,2000.0,1,0,0,1,1,319.8127610257403,2
132.0,4.8,2014.0,8.0,1.5,16.0,2100.0,0,0,1,1,1,319.8127610257403,2
245.0,7.0,2014.0,8.0,1.5,16.0,3200.0,1,0,1,1,1,324.59651972748196,3
170.1,5.1,2014.0,16.0,2.0,16.0,2800.0,1,0,1,1,1,320.29213073088846,3
200.0,4.8,2014.0,20.7,2.0,8.0,2430.0,1,0,1,1,1,310.02578689900724,3
132.0,4.8,2014.0,8.0,1.5,16.0,2100.0,1,0,1,1,1,316.4780060724646,3
276.0,7.0,2014.0,3.15,1.5,16.0,4000.0,0,0,1,1,1,324.4674407796144,1
276.0,7.0,2014.0,3.15,1.5,16.0,4000.0,0,0,1,1,1,319.8127610257403,2
276.0,7.0,2014.0,3.15,1.5,16.0,4000.0,0,0,1,1,1,310.02578689900724,2
139.0,4.52,2014.0,5.0,1.0,8.0,2100.0,0,0,0,1,1,319.8127610257403,1
112.0,4.0,2014.0,5.0,1.0,16.0,1500.0,1,0,1,1,1,319.8127610257403,1
145.0,5.1,2014.0,16.0,2.0,16.0,2800.0,1,0,1,1,1,319.8127610257403,3
144.9,5.1,2014.0,16.0,2.0,16.0,2800.0,1,0,1,1,1,324.4674407796144,3
145.0,5.1,2014.0,16.0,2.0,32.0,2800.0,1,0,1,1,1,310.02578689900724,2
137.0,4.5,2014.0,5.0,1.5,16.0,2100.0,1,0,1,1,1,324.59651972748196,1
137.0,4.5,2014.0,5.0,1.0,8.0,2100.0,1,0,0,1,1,324.59651972748196,2
162.5,5.5,2014.0,8.0,2.0,16.0,3100.0,0,0,1,1,1,324.59651972748196,3
162.5,5.5,2014.0,8.0,2.0,16.0,3100.0,1,0,1,1,1,310.02578689900724,3
322.0,7.0,2014.0,2.0,1.0,8.0,3600.0,0,0,0,1,1,316.4780060724646,1
310.0,7.0,2014.0,2.0,1.0,8.0,3600.0,0,0,0,1,1,319.8127610257403,1
163.0,5.01,2014.0,5.0,1.0,16.0,2100.0,0,0,0,1,1,310.02578689900724,0
283.0,4.8,2014.0,16.3,2.0,8.0,2000.0,1,0,1,1,1,324.59651972748196,3
145.0,4.7,2013.0,5.0,1.0,8.0,2000.0,1,0,0,1,1,319.8127610257403,1
147.0,5.0,2013.0,13.0,2.0,32.0,2600.0,1,0,1,1,1,316.4780060724646,3
146.0,5.0,2013.0,13.0,3.0,16.0,2600.0,1,0,1,1,1,320.29213073088846,3
139.0,4.5,2013.0,5.0,1.5,8.0,2100.0,0,0,0,1,1,319.8127610257403,1
163.0,5.25,2013.0,8.0,1.5,8.0,2600.0,0,0,1,1,1,320.29213073088846,1
179.0,3.7,2013.0,8.0,1.5,16.0,1820.0,1,0,1,1,1,324.59651972748196,3
134.2,4.5,2013.0,5.0,1.5,8.0,2100.0,1,0,0,1,1,310.02578689900724,2
130.0,5.0,2013.0,13.0,2.0,32.0,2600.0,1,0,1,1,1,310.02578689900724,3
121.9,4.0,2013.0,5.0,1.0,8.0,1800.0,1,0,1,1,1,319.8127610257403,1
154.0,5.7,2013.0,13.0,3.0,32.0,2800.0,1,0,1,1,1,319.8127610257403,3
168.0,5.7,2013.0,13.0,3.0,64.0,3200.0,1,0,1,1,1,324.4674407796144,3
144.0,4.77,2013.0,8.0,1.0,16.0,2000.0,1,0,0,1,1,320.29213073088846,3
208.0,4.3,2013.0,16.0,1.5,8.0,2330.0,1,0,1,1,1,324.4674407796144,2
115.0,4.0,2013.0,5.0,1.0,8.0,1500.0,1,0,0,1,1,320.29213073088846,0
107.0,4.3,2013.0,8.0,1.5,8.0,1900.0,1,0,1,1,1,319.8127610257403,2
153.0,5.0,2013.0,8.0,2.0,16.0,2600.0,1,0,1,1,1,320.29213073088846,3
119.1,3.8,2013.0,5.0,1.0,4.0,1500.0,0,0,1,1,1,320.29213073088846,0
124.0,4.3,2013.0,5.0,1.0,8.0,1800.0,0,0,0,1,1,319.8127610257403,1
302.0,7.0,2013.0,3.15,1.0,16.0,4000.0,0,0,1,1,1,316.4780060724646,1
306.0,7.0,2013.0,3.15,1.0,16.0,4000.0,0,0,1,1,1,316.4780060724646,1
199.0,6.3,2013.0,8.0,1.5,16.0,3200.0,1,0,1,1,1,319.8127610257403,3
182.0,5.8,2013.0,8.0,1.5,8.0,2600.0,0,0,1,1,1,316.4780060724646,2
143.9,4.7,2013.0,5.0,1.0,8.0,2000.0,0,0,0,1,1,319.8127610257403,1
130.0,5.0,2013.0,13.0,2.0,64.0,2600.0,1,0,1,1,1,320.29213073088846,3
130.0,5.0,2013.0,13.0,2.0,64.0,2600.0,1,0,1,1,1,319.8127610257403,3
132.0,5.0,2013.0,13.0,2.0,64.0,2600.0,1,0,1,1,1,310.02578689900724,3
130.1,5.0,2013.0,13.0,2.0,16.0,2600.0,1,0,1,1,1,319.8127610257403,3
139.1,4.5,2013.0,5.0,1.0,8.0,2000.0,1,0,1,1,1,324.59651972748196,1
148.5,4.0,2013.0,5.0,1.0,4.0,1700.0,0,0,0,1,1,324.59651972748196,1
125.0,4.0,2013.0,5.0,1.0,8.0,2100.0,1,0,0,1,1,310.02578689900724,1
121.0,4.3,2013.0,8.0,1.0,8.0,1650.0,1,0,0,1,1,324.4674407796144,2
134.0,4.65,2013.0,8.0,1.0,16.0,2100.0,1,0,1,1,1,316.4780060724646,0
181.0,6.39,2020.0,16.0,6.0,128.0,4000.0,1,0,0,1,1,225.68076551028253,2
146.0,5.45,2020.0,5.0,1.0,16.0,2500.0,0,0,0,1,1,228.24027292355373,0
230.0,6.81,2020.0,24.0,6.0,64.0,4500.0,1,1,1,1,1,225.93804150866958,3
180.0,5.45,2020.0,5.0,2.0,16.0,3000.0,0,0,0,1,1,225.68076551028253,1
180.0,6.39,2020.0,8.0,4.0,64.0,4000.0,1,0,0,1,1,225.93804150866958,1
195.0,6.5,2020.0,5.0,3.0,64.0,4500.0,0,0,0,1,1,238.43837481260815,0
184.5,5.99,2020.0,8.0,3.0,32.0,3040.0,0,0,0,1,1,220.95663902141249,0
200.0,6.52,2020.0,8.0,3.0,64.0,4000.0,0,0,0,1,1,228.24027292355373,1
180.0,5.45,2020.0,5.0,2.0,32.0,3000.0,0,0,0,1,1,225.93804150866958,0
180.0,5.45,2020.0,5.0,2.0,32.0,3000.0,0,0,0,1,1,226.17545720323068,0
220.0,6.81,2020.0,24.0,8.0,128.0,4500.0,1,1,1,1,1,220.95663902141249,3
185.0,6.55,2020.0,8.0,6.0,64.0,4000.0,1,0,0,1,1,228.24027292355373,1
155.0,5.71,2020.0,8.0,1.0,16.0,3000.0,0,0,0,1,1,225.68076551028253,0
161.0,5.7,2020.0,5.0,1.0,16.0,2800.0,0,0,0,1,1,238.43837481260815,0
155.0,5.45,2019.0,5.0,1.0,16.0,2500.0,0,0,0,1,1,225.93804150866958,0
183.0,6.2,2019.0,13.0,2.0,32.0,4000.0,0,0,0,1,1,228.24027292355373,0
180.0,6.3,2019.0,20.0,6.0,128.0,3500.0,1,0,1,1,1,225.93804150866958,2
180.0,6.3,2019.0,8.0,4.0,128.0,3500.0,1,0,1,1,1,220.95663902141249,2
153.0,5.71,2019.0,13.0,3.0,32.0,3000.0,0,0,0,1,1,226.17545720323068,0
180.0,6.39,2019.0,16.0,6.0,128.0,3500.0,0,0,1,1,1,225.93804150866958,2
172.0,5.99,2019.0,20.0,6.0,128.0,3320.0,1,0,1,1,0,225.68076551028253,3
161.0,5.71,2019.0,8.0,3.0,32.0,3000.0,1,0,0,1,1,226.17545720323068,0
188.6,6.26,2020.0,13.0,2.0,16.0,4000.0,0,0,0,1,1,225.68076551028253,1
181.0,6.26,2019.0,13.0,3.0,32.0,4000.0,0,0,0,1,1,225.93804150866958,1
138.4,5.45,2019.0,8.0,1.0,16.0,2500.0,0,0,0,1,1,228.24027292355373,0
180.0,6.18,2018.0,20.0,6.0,128.0,3500.0,1,0,1,1,1,225.93804150866958,3
180.0,6.0,2018.0,8.0,3.0,32.0,3500.0,1,0,0,1,1,225.93804150866958,0
160.0,5.84,2018.0,8.0,4.0,64.0,3060.0,1,0,1,1,1,220.95663902141249,1
151.0,5.8,2018.0,16.0,6.0,64.0,3060.0,0,0,1,1,1,238.43837481260815,1
160.0,5.86,2018.0,8.0,6.0,64.0,3060.0,0,0,1,1,1,226.17545720323068,3
150.0,5.5,2018.0,16.0,3.0,32.0,2970.0,1,0,1,1,1,228.24027292355373,1
138.3,5.2,2018.0,13.0,3.0,32.0,2990.0,1,0,1,1,1,225.68076551028253,0
174.0,5.5,2018.0,8.0,1.0,8.0,4000.0,0,0,0,1,1,238.43837481260815,0
177.0,5.5,2018.0,5.0,6.0,128.0,3260.0,1,0,1,1,0,225.93804150866958,3
183.0,6.0,2018.0,16.0,6.0,64.0,3800.0,1,0,1,1,1,228.24027292355373,3
172.0,5.5,2018.0,16.0,4.0,64.0,3000.0,1,0,0,1,1,225.68076551028253,0
131.0,4.5,2018.0,5.0,1.0,8.0,2150.0,0,0,0,1,1,228.24027292355373,0
161.0,5.0,2017.0,8.0,1.0,8.0,4100.0,0,0,0,1,1,228.24027292355373,0
153.0,5.2,2017.0,16.0,6.0,64.0,3000.0,1,0,1,1,1,226.17545720323068,2
160.0,5.3,2017.0,13.0,6.0,128.0,3090.0,1,0,1,1,1,225.93804150866958,3
140.0,5.0,2017.0,8.0,2.0,16.0,2630.0,1,0,1,1,1,238.43837481260815,0
160.0,5.2,2017.0,13.0,3.0,16.0,3000.0,1,0,0,1,1,220.95663902141249,0
169.0,5.5,2017.0,16.0,4.0,64.0,3000.0,1,0,0,1,1,228.24027292355373,1
136.0,4.5,2014.0,5.0,1.0,8.0,1830.0,0,0,0,1,1,225.93804150866958,0
130.0,4.7,2014.0,6.7,1.0,8.0,2200.0,1,0,0,1,1,238.43837481260815,1
134.0,4.7,2014.0,6.7,1.0,8.0,2200.0,1,0,0,1,1,220.95663902141249,2
150.0,5.0,2014.0,10.0,1.0,16.0,2200.0,1,0,1,1,1,220.95663902141249,3
150.0,4.3,2014.0,5.0,1.0,4.0,1800.0,0,0,0,1,1,225.93804150866958,0
167.0,5.0,2014.0,20.0,2.0,32.0,2420.0,1,0,1,1,0,228.24027292355373,3
134.0,4.5,2014.0,5.0,1.0,8.0,1830.0,0,0,0,1,1,226.17545720323068,0
167.0,5.0,2014.0,20.0,2.0,32.0,2420.0,1,0,1,1,0,225.93804150866958,3
124.0,4.0,2013.0,5.0,1.0,8.0,1430.0,0,0,0,1,1,225.93804150866958,0
209.0,6.0,2013.0,20.0,2.0,32.0,3400.0,1,0,1,1,1,226.17545720323068,3
220.0,6.0,2013.0,5.0,1.0,8.0,3400.0,0,0,0,1,1,238.43837481260815,2
158.0,4.5,2013.0,41.0,2.0,64.0,2000.0,1,0,1,1,0,225.68076551028253,3
139.0,4.5,2013.0,8.0,1.0,32.0,2000.0,1,0,1,1,0,238.43837481260815,2
162.0,4.5,2013.0,8.0,1.0,32.0,2000.0,1,0,1,1,0,225.93804150866958,3
200.0,5.0,2013.0,13.0,2.0,16.0,3300.0,1,0,0,1,1,264.25324699474083,3
154.0,4.5,2013.0,8.0,1.0,4.0,2400.0,0,0,0,1,1,276.03506517655904,2
168.0,5.45,2019.0,8.0,2.0,16.0,4000.0,0,0,0,1,1,204.09489802243212,0
162.0,5.5,2019.0,13.0,4.0,64.0,4000.0,0,0,0,1,1,184.46346945100353,0
173.8,5.0,2018.0,8.0,2.0,16.0,4000.0,0,0,0,1,1,213.19672480346708,0
169.0,6.19,2018.0,8.0,4.0,64.0,4000.0,0,0,0,1,1,213.19672480346708,1
141.0,5.7,2018.0,13.0,3.0,32.0,3000.0,0,0,0,1,1,204.06199341725926,0
158.0,5.99,2018.0,13.0,3.0,32.0,4000.0,0,0,0,1,1,197.74918373671784,0
195.0,6.18,2018.0,16.0,6.0,128.0,3000.0,0,0,1,1,1,197.74918373671784,3
151.7,5.0,2018.0,5.0,1.0,16.0,2400.0,0,0,0,1,1,197.357314338843,0
164.0,5.0,2018.0,8.0,1.0,16.0,2300.0,0,0,0,1,1,213.19672480346708,0
168.0,5.45,2018.0,8.0,2.0,16.0,4000.0,0,0,0,1,1,204.06199341725926,0
152.0,5.7,2018.0,13.0,3.0,32.0,3250.0,0,0,0,1,1,213.19672480346708,0
145.0,5.45,2018.0,8.0,2.0,16.0,2500.0,0,0,0,1,1,197.74918373671784,0
174.8,5.0,2018.0,8.0,2.0,16.0,2200.0,0,0,0,1,1,197.357314338843,0
143.0,5.0,2017.0,13.0,3.0,32.0,2500.0,0,0,0,1,1,213.19672480346708,0
161.0,5.0,2017.0,8.0,1.0,16.0,2500.0,0,0,0,1,1,197.357314338843,0
145.5,5.0,2017.0,13.0,2.0,16.0,2500.0,0,0,0,1,1,184.46346945100353,0
162.0,5.2,2017.0,13.0,3.0,32.0,5000.0,0,0,0,1,1,204.09489802243212,1
145.0,5.0,2017.0,8.0,2.0,16.0,2000.0,0,0,0,1,1,197.357314338843,0
150.7,5.0,2017.0,8.0,2.0,16.0,3000.0,0,0,0,1,1,197.357314338843,0
163.0,5.0,2017.0,5.0,3.0,32.0,4000.0,0,0,0,1,1,184.46346945100353,0
182.0,5.5,2017.0,13.0,3.0,32.0,5000.0,0,0,0,1,1,197.357314338843,0
144.0,5.0,2017.0,8.0,1.0,16.0,2210.0,0,0,0,1,1,213.19672480346708,0
133.0,5.0,2017.0,8.0,2.0,16.0,2200.0,0,0,0,1,1,197.357314338843,0
161.0,5.2,2017.0,13.0,3.0,32.0,4000.0,0,0,0,1,1,197.357314338843,1
161.0,5.2,2017.0,13.0,3.0,16.0,4000.0,0,0,0,1,1,197.357314338843,0
180.0,5.5,2017.0,13.0,3.0,16.0,5000.0,0,0,0,1,1,197.357314338843,0
180.0,5.5,2017.0,13.0,3.0,16.0,4000.0,0,0,0,1,1,197.357314338843,0
146.7,5.0,2017.0,8.0,2.0,16.0,4000.0,0,0,0,1,1,197.357314338843,0
169.0,5.0,2017.0,13.0,3.0,16.0,4000.0,0,0,0,1,1,197.357314338843,0
163.0,5.5,2016.0,13.0,3.0,32.0,3000.0,0,0,0,1,1,197.357314338843,1
193.0,5.5,2017.0,13.0,3.0,32.0,4000.0,0,0,0,1,1,197.357314338843,0
165.0,5.2,2017.0,16.0,4.0,64.0,3000.0,0,0,0,1,1,197.357314338843,1
145.0,5.5,2017.0,13.0,3.0,16.0,3000.0,0,0,0,1,1,197.357314338843,1
133.0,5.0,2017.0,13.0,2.0,16.0,2200.0,0,0,0,1,1,184.46346945100353,0
156.0,5.3,2016.0,13.0,2.0,16.0,2600.0,0,0,0,1,1,197.74918373671784,1
155.0,5.5,2016.0,13.0,3.0,16.0,2500.0,0,0,0,1,1,204.09489802243212,0
126.0,5.0,2016.0,8.0,1.0,16.0,2000.0,0,0,0,1,1,204.06199341725926,0
138.0,5.0,2016.0,8.0,2.0,16.0,2800.0,0,0,0,1,1,213.19672480346708,1
147.0,5.0,2016.0,8.0,3.0,32.0,2450.0,0,0,0,1,1,204.06199341725926,1
142.0,5.5,2016.0,16.0,3.0,32.0,3000.0,0,0,0,1,1,197.357314338843,1
167.5,5.0,2016.0,8.0,3.0,16.0,4000.0,0,0,0,1,1,204.06199341725926,1
155.0,5.0,2016.0,8.0,2.0,16.0,3200.0,0,0,0,1,1,184.46346945100353,0
145.0,5.0,2016.0,13.0,3.0,32.0,2350.0,0,0,0,1,1,197.357314338843,1
145.0,5.5,2015.0,13.0,2.0,16.0,2500.0,0,0,0,1,1,204.06199341725926,1
141.0,5.5,2015.0,13.0,2.0,32.0,2910.0,0,0,0,1,0,197.74918373671784,2
158.0,5.5,2015.0,8.0,1.0,8.0,2500.0,0,0,0,1,1,197.357314338843,1
135.0,5.0,2015.0,8.0,1.0,8.0,2000.0,0,0,0,1,1,197.357314338843,0
147.0,5.5,2015.0,13.0,2.0,16.0,3500.0,0,0,0,1,1,184.46346945100353,1
110.0,5.0,2015.0,8.0,1.0,8.0,2000.0,0,0,0,1,1,204.06199341725926,1
135.0,4.7,2015.0,8.0,1.0,8.0,1980.0,0,0,0,1,1,197.74918373671784,0
131.0,5.0,2015.0,13.0,2.0,16.0,2500.0,0,0,0,1,1,204.09489802243212,2
135.0,5.0,2014.0,8.0,1.0,8.0,2100.0,0,0,0,1,1,204.09489802243212,1
173.8,6.0,2014.0,8.0,1.0,16.0,2800.0,0,0,0,1,1,204.09489802243212,1
117.0,4.0,2014.0,5.0,1.0,8.0,1500.0,0,0,0,1,1,197.357314338843,0
148.0,5.5,2014.0,8.0,1.0,4.0,2500.0,0,0,0,1,1,197.357314338843,0
155.0,5.0,2014.0,8.0,1.0,8.0,2000.0,0,0,0,1,1,213.19672480346708,1
204.0,4.7,2014.0,20.1,2.0,16.0,2600.0,1,0,1,1,1,184.46346945100353,3
115.0,5.0,2014.0,8.0,1.0,4.0,2000.0,0,0,0,1,1,204.09489802243212,0
141.0,5.0,2014.0,13.0,2.0,16.0,2500.0,0,0,0,1,1,197.357314338843,2
140.0,4.5,2013.0,8.0,1.0,4.0,1700.0,0,0,0,1,1,197.74918373671784,1
160.0,5.0,2013.0,8.0,1.0,4.0,2000.0,0,0,0,1,1,197.74918373671784,1
120.0,4.0,2013.0,5.0,1.0,4.0,1500.0,0,0,0,1,1,213.19672480346708,0
135.0,5.0,2013.0,8.0,1.0,4.0,2500.0,0,0,0,1,1,184.46346945100353,3
133.0,5.0,2014.0,8.0,1.0,8.0,2000.0,0,0,0,1,1,204.09489802243212,1
159.0,5.45,2018.0,13.0,3.0,32.0,4000.0,0,0,0,1,1,234.09910730888433,0
159.0,5.0,2017.0,13.0,2.0,16.0,2500.0,0,0,0,1,1,229.9989797815821,0
152.0,5.0,2017.0,13.0,4.0,32.0,3000.0,0,0,0,1,1,234.09910730888433,0
128.0,4.7,2016.0,8.0,2.0,8.0,2000.0,0,0,0,1,1,234.09910730888433,0
172.0,5.2,2016.0,13.0,3.0,16.0,3000.0,0,0,0,1,1,237.46571446280996,1
172.0,5.5,2016.0,13.0,4.0,32.0,4000.0,0,0,0,1,1,234.09910730888433,1
184.0,6.0,2016.0,13.0,3.0,16.0,4000.0,0,0,0,1,1,246.7132654958678,1
159.0,5.2,2015.0,21.0,4.0,32.0,3000.0,0,0,0,1,1,229.9989797815821,3
128.0,4.7,2015.0,8.0,1.0,8.0,2000.0,0,0,0,1,1,244.66571446280994,0
143.0,5.0,2015.0,8.0,2.0,16.0,2230.0,0,0,0,1,1,246.7132654958678,0
155.0,5.5,2015.0,13.0,2.0,16.0,2500.0,0,0,0,1,1,234.09910730888433,0
205.0,6.7,2021.0,16.0,8.0,128.0,5000.0,1,1,1,1,1,246.44486925270635,3
203.0,6.5,2020.0,16.0,6.0,128.0,5000.0,1,0,1,1,1,246.44486925270635,3
160.0,5.45,2020.0,5.0,2.0,16.0,3000.0,0,0,1,1,1,258.18112179911003,0
173.5,6.22,2020.0,8.0,4.0,64.0,4000.0,0,0,1,1,1,258.18112179911003,0
165.0,6.09,2019.0,16.0,3.0,32.0,3000.0,0,0,1,1,1,254.0726069857047,0
165.0,6.09,2019.0,13.0,3.0,32.0,3000.0,0,0,1,1,1,250.25757850640798,0
160.0,5.45,2019.0,5.0,2.0,32.0,3000.0,0,0,0,1,1,252.06791666990765,0
215.5,6.8,2020.0,32.0,8.0,256.0,5000.0,1,1,1,1,1,252.06791666990765,3
201.0,6.5,2020.0,25.0,6.0,128.0,5000.0,1,0,1,1,1,246.44486925270635,3
170.0,6.2,2019.0,16.0,3.0,32.0,3850.0,1,0,1,1,1,258.18112179911003,1
150.0,5.7,2019.0,13.0,4.0,64.0,3075.0,0,0,1,1,0,252.06791666990765,2
160.0,6.2,2019.0,8.0,4.0,128.0,3300.0,0,0,1,1,1,252.06791666990765,1
170.0,6.2,2019.0,16.0,6.0,128.0,3850.0,1,0,1,1,1,258.18112179911003,2
150.0,5.7,2018.0,13.0,4.0,64.0,3075.0,1,0,0,1,1,254.0726069857047,1
175.0,6.0,2018.0,13.0,6.0,128.0,3600.0,1,0,1,1,1,258.18112179911003,2
157.5,6.0,2018.0,8.0,3.0,32.0,2965.0,0,0,0,1,1,250.25757850640798,1
137.0,5.5,2018.0,13.0,3.0,32.0,2730.0,0,0,0,1,1,246.44486925270635,0
185.0,6.0,2018.0,12.0,4.0,64.0,3930.0,1,0,1,1,1,258.18112179911003,3
188.0,6.0,2017.0,12.0,6.0,128.0,3930.0,1,0,1,1,1,252.06791666990765,3
142.0,5.2,2017.0,16.0,4.0,64.0,2600.0,1,0,1,1,1,246.44486925270635,2
169.0,5.5,2017.0,12.0,6.0,128.0,3000.0,1,0,1,1,1,258.18112179911003,3
175.0,5.5,2017.0,16.0,3.0,32.0,4000.0,0,0,0,1,1,258.18112179911003,1
170.0,5.7,2017.0,12.0,4.0,128.0,3000.0,1,0,1,1,1,250.25757850640798,2
145.0,5.2,2017.0,16.0,4.0,64.0,2500.0,1,0,1,1,1,254.0726069857047,1
174.0,5.5,2016.0,16.0,3.0,64.0,3200.0,1,0,1,1,1,254.0726069857047,2
140.0,5.0,2016.0,13.0,2.0,16.0,2200.0,1,0,0,1,1,252.06791666990765,1
165.0,5.5,2016.0,20.0,4.0,64.0,3000.0,1,0,1,1,1,246.44486925270635,2
148.0,5.0,2017.0,13.0,3.0,32.0,3300.0,0,0,0,1,1,253.85595657665002,1
149.8,5.0,2016.0,13.0,3.0,32.0,2300.0,1,0,0,1,1,250.25757850640798,1
155.0,5.5,2016.0,13.0,3.0,32.0,2700.0,0,0,0,1,1,246.44486925270635,1
153.0,5.5,2016.0,13.0,3.0,32.0,2800.0,0,0,0,1,1,258.18112179911003,2
142.0,5.0,2016.0,13.0,3.0,32.0,2200.0,0,0,0,1,1,252.06791666990765,1
158.0,5.0,2016.0,13.0,2.0,16.0,2840.0,1,0,1,1,1,258.18112179911003,2
156.0,5.5,2016.0,13.0,3.0,32.0,2800.0,1,0,0,1,1,246.44486925270635,1
158.0,5.0,2016.0,13.0,2.0,16.0,2840.0,1,0,1,1,1,252.06791666990765,2
161.0,5.2,2016.0,12.0,3.0,32.0,3000.0,1,0,1,1,1,252.06791666990765,2
161.0,5.2,2016.0,12.0,4.0,64.0,3000.0,1,0,1,1,1,253.85595657665002,3
155.0,5.5,2016.0,13.0,2.0,16.0,2700.0,0,0,0,1,1,252.06791666990765,2
140.0,5.0,2016.0,13.0,2.0,16.0,2200.0,0,0,0,1,1,258.18112179911003,1
140.0,5.0,2016.0,8.0,1.5,16.0,2200.0,1,0,0,1,1,252.06791666990765,1
140.1,5.0,2016.0,5.0,1.5,8.0,2000.0,0,0,0,1,1,250.25757850640798,0
170.0,5.5,2015.0,13.0,3.0,32.0,3000.0,1,0,1,1,1,254.0726069857047,3
158.0,5.0,2015.0,13.0,2.0,16.0,2840.0,1,0,1,1,1,250.25757850640798,2
148.0,5.5,2015.0,13.0,3.0,32.0,2800.0,0,0,0,1,1,254.0726069857047,0
153.0,5.5,2015.0,13.0,2.0,16.0,2800.0,0,0,0,1,1,252.06791666990765,2
165.0,5.5,2015.0,13.0,2.0,16.0,2600.0,0,0,0,1,1,254.0726069857047,3
161.0,5.2,2015.0,20.2,3.0,32.0,2700.0,1,0,0,1,1,246.44486925270635,3
168.0,5.2,2015.0,21.0,3.0,32.0,2840.0,1,0,1,1,1,252.06791666990765,3
143.0,5.0,2015.0,13.0,3.0,32.0,2150.0,1,0,1,1,1,246.44486925270635,3
138.9,5.0,2015.0,8.0,1.5,8.0,2000.0,0,0,0,1,1,250.25757850640798,1
156.0,4.7,2015.0,8.0,1.5,8.0,2000.0,0,0,0,1,1,252.06791666990765,0
155.0,5.2,2015.0,20.0,3.0,32.0,2840.0,1,0,1,1,1,250.25757850640798,3
154.5,5.5,2015.0,13.0,1.0,16.0,2600.0,0,0,0,1,1,253.85595657665002,1
146.0,4.5,2015.0,8.0,1.0,8.0,2000.0,0,0,0,1,1,258.18112179911003,0
168.0,5.2,2015.0,4.0,3.0,32.0,2840.0,1,0,1,1,1,258.18112179911003,3
160.0,5.0,2015.0,5.0,2.0,32.0,2840.0,1,0,1,1,1,253.85595657665002,3
150.0,5.5,2015.0,20.0,3.0,32.0,2800.0,1,0,1,1,1,254.0726069857047,3
147.0,5.5,2015.0,13.0,2.0,16.0,2800.0,1,0,1,1,1,252.06791666990765,3
157.0,5.0,2015.0,20.0,3.0,32.0,2840.0,1,0,1,1,1,246.44486925270635,3
155.0,5.5,2015.0,13.0,2.0,16.0,2600.0,0,0,0,1,1,250.25757850640798,3
138.0,5.0,2015.0,13.0,1.0,8.0,2000.0,0,0,0,1,1,250.25757850640798,2
140.0,5.0,2014.0,13.0,2.0,16.0,2000.0,0,0,0,1,1,258.18112179911003,1
154.0,4.7,2015.0,8.0,1.0,16.0,2000.0,0,0,0,1,1,250.25757850640798,1
183.0,5.5,2015.0,13.0,2.0,16.0,2600.0,0,0,1,1,1,253.85595657665002,1
145.0,4.5,2015.0,5.0,1.0,8.0,2100.0,0,0,0,1,1,253.85595657665002,0
160.0,5.0,2014.0,8.0,1.0,8.0,2100.0,0,0,0,1,1,252.06791666990765,1
160.0,5.0,2014.0,8.0,1.0,8.0,2100.0,0,0,0,1,1,250.25757850640798,1
158.0,5.5,2014.0,13.0,1.0,16.0,2600.0,0,0,0,1,1,258.18112179911003,2
160.0,5.0,2014.0,13.0,2.0,16.0,2600.0,0,0,1,1,1,252.06791666990765,2
154.0,5.2,2014.0,13.0,2.0,16.0,2400.0,1,0,1,1,1,252.06791666990765,3
146.0,4.7,2014.0,8.0,1.0,8.0,2040.0,0,0,0,1,1,252.06791666990765,2
155.0,5.5,2014.0,13.0,1.0,16.0,2600.0,0,0,1,1,1,252.06791666990765,2
155.0,5.5,2014.0,13.0,2.0,16.0,2600.0,1,0,1,1,1,250.25757850640798,3
155.0,5.5,2014.0,13.0,2.0,16.0,2600.0,1,0,1,1,1,252.06791666990765,3
164.0,5.0,2014.0,13.0,2.0,16.0,2600.0,1,0,1,1,1,250.25757850640798,3
158.0,4.7,2014.0,5.0,1.0,8.0,2100.0,1,0,0,1,1,258.18112179911003,1
160.0,5.0,2014.0,4.0,2.0,32.0,2600.0,1,0,1,1,1,252.06791666990765,3
151.0,5.0,2014.0,13.0,2.0,32.0,2700.0,1,0,0,1,1,253.85595657665002,2
137.0,4.5,2014.0,13.0,1.5,16.0,2100.0,1,0,1,1,1,246.44486925270635,2
160.0,5.0,2014.0,4.0,2.0,16.0,2600.0,1,0,1,1,1,252.06791666990765,3
160.0,5.0,2014.0,5.0,1.0,4.0,1950.0,0,0,0,1,1,258.18112179911003,1
145.0,5.0,2014.0,13.0,2.0,16.0,2600.0,1,0,1,1,1,250.25757850640798,3
137.0,4.5,2014.0,13.0,1.0,16.0,2110.0,1,0,1,1,1,254.0726069857047,2
150.0,5.0,2014.0,8.0,1.0,4.0,2000.0,0,0,0,1,1,252.06791666990765,1
160.0,5.0,2014.0,4.0,2.0,32.0,2600.0,1,0,1,1,1,254.0726069857047,2
140.0,4.5,2014.0,5.0,1.0,4.0,2000.0,0,0,0,1,1,246.44486925270635,1
165.0,5.5,2014.0,13.0,1.5,8.0,2600.0,0,0,0,1,1,253.85595657665002,2
165.0,5.5,2014.0,13.0,1.5,8.0,2600.0,1,0,0,1,1,252.06791666990765,2
143.5,4.7,2014.0,8.0,1.0,8.0,2040.0,1,0,0,1,1,253.85595657665002,1
130.0,4.3,2013.0,8.0,1.0,8.0,2100.0,1,0,0,1,1,253.85595657665002,1
149.0,5.0,2014.0,8.0,1.0,8.0,2100.0,0,0,1,1,1,258.18112179911003,2
149.0,5.0,2013.0,8.0,1.0,8.0,2100.0,0,0,1,1,1,252.06791666990765,2
130.0,4.5,2013.0,5.0,1.0,4.0,2100.0,0,0,0,1,1,246.44486925270635,2
130.0,4.3,2013.0,8.0,1.0,8.0,2100.0,1,0,0,1,1,253.85595657665002,2
217.0,5.9,2013.0,4.0,2.0,32.0,3300.0,1,0,0,1,1,252.06791666990765,3
130.0,4.5,2013.0,5.0,1.0,8.0,2100.0,0,0,0,1,1,258.18112179911003,2
123.0,4.3,2013.0,8.0,1.0,4.0,1800.0,0,0,0,1,1,253.85595657665002,1
122.0,4.3,2013.0,4.0,1.0,16.0,1800.0,0,0,0,1,0,252.06791666990765,2
120.0,4.3,2013.0,8.0,1.0,8.0,1800.0,1,0,1,1,1,254.0726069857047,1
160.0,5.0,2013.0,4.0,2.0,16.0,3200.0,1,0,1,1,1,253.85595657665002,3
130.0,4.5,2013.0,8.0,1.0,8.0,1860.0,1,0,0,1,1,258.18112179911003,2
123.9,4.3,2013.0,5.0,1.0,16.0,2000.0,1,0,1,1,0,252.06791666990765,1
156.0,4.68,2013.0,4.0,2.0,32.0,2300.0,1,0,0,1,1,253.85595657665002,3
143.0,4.7,2013.0,4.0,2.0,64.0,2300.0,1,0,0,1,0,250.25757850640798,2
168.0,5.5,2017.0,13.0,4.0,64.0,4000.0,1,0,1,1,0,279.2604397647807,2
175.0,5.5,2017.0,16.0,6.0,128.0,4070.0,0,0,1,1,0,279.2604397647807,2
153.0,5.5,2016.0,16.0,3.0,32.0,3000.0,0,0,1,1,0,287.88151276130293,1
175.0,5.5,2016.0,16.0,6.0,128.0,4070.0,1,0,1,1,0,277.30571446280993,3
185.0,5.7,2016.0,21.0,6.0,128.0,3100.0,1,0,1,1,0,279.2604397647807,3
153.0,5.5,2016.0,21.0,4.0,32.0,3000.0,0,0,1,1,0,279.2604397647807,2
153.0,5.5,2016.0,16.0,3.0,64.0,3000.0,0,0,1,1,0,287.88151276130293,1
204.0,6.33,2016.0,21.0,4.0,128.0,3400.0,1,0,1,1,0,277.30571446280993,3
169.0,5.5,2016.0,13.0,3.0,32.0,3000.0,0,0,1,1,0,291.6991073088843,2
190.6,6.56,2021.0,32.0,12.0,256.0,4200.0,1,1,1,1,0,308.087799177645,3
188.0,6.58,2021.0,16.0,6.0,128.0,5000.0,0,0,1,1,1,313.081086306358,1
192.3,6.51,2021.0,8.0,6.0,128.0,5000.0,0,0,1,1,1,306.13365112444376,1
185.5,6.58,2021.0,8.0,6.0,128.0,5000.0,0,1,1,1,0,313.081086306358,1
209.5,6.62,2021.0,16.0,12.0,256.0,4000.0,1,1,1,1,0,281.03391879355047,3
192.0,6.51,2020.0,8.0,3.0,64.0,5000.0,0,0,1,1,1,313.081086306358,0
192.0,6.51,2020.0,8.0,6.0,64.0,5000.0,0,0,1,1,1,306.13365112444376,0
178.0,6.56,2020.0,32.0,12.0,256.0,4200.0,1,1,1,1,0,313.081086306358,3
175.6,6.56,2020.0,32.0,12.0,256.0,4300.0,1,1,1,1,0,308.087799177645,3
171.0,6.44,2020.0,44.0,8.0,128.0,4000.0,1,0,1,1,1,306.13365112444376,2
191.4,6.51,2020.0,8.0,8.0,128.0,5000.0,0,0,1,1,0,308.087799177645,1
185.5,6.58,2020.0,8.0,8.0,128.0,5000.0,0,1,1,1,0,303.45967773553724,1
188.0,6.58,2021.0,16.0,8.0,128.0,5000.0,0,0,1,1,1,303.45967773553724,1
188.0,6.58,2020.0,16.0,8.0,128.0,5000.0,0,0,1,1,1,308.087799177645,2
191.0,6.51,2020.0,8.0,4.0,128.0,5000.0,0,0,1,1,1,313.081086306358,0
190.5,6.35,2020.0,8.0,3.0,32.0,5000.0,0,0,0,1,1,308.087799177645,0
171.7,6.44,2020.0,32.0,8.0,256.0,4100.0,0,1,1,1,0,303.45967773553724,3
181.5,6.56,2020.0,32.0,8.0,256.0,4315.0,1,1,1,1,0,303.45967773553724,3
192.3,6.51,2020.0,8.0,6.0,128.0,5000.0,0,0,1,1,0,308.087799177645,0
190.5,6.35,2020.0,8.0,4.0,128.0,5000.0,0,0,0,1,1,313.081086306358,1
192.3,6.51,2020.0,8.0,8.0,128.0,5000.0,0,0,1,1,1,305.46674232296226,1
191.0,6.51,2020.0,8.0,3.0,32.0,5000.0,0,0,1,1,1,303.45967773553724,1
171.0,6.44,2020.0,16.0,8.0,128.0,4100.0,1,0,1,1,1,305.46674232296226,2
192.3,6.51,2020.0,8.0,8.0,128.0,5000.0,0,0,1,1,1,281.03391879355047,1
171.3,6.44,2020.0,16.0,8.0,128.0,4100.0,0,1,1,1,0,303.45967773553724,2
200.4,6.44,2020.0,32.0,8.0,128.0,4350.0,1,1,1,1,1,281.03391879355047,3
171.0,6.44,2020.0,44.0,8.0,256.0,4000.0,1,0,1,1,1,313.081086306358,2
171.0,6.44,2020.0,32.0,8.0,128.0,4100.0,1,0,1,1,1,303.45967773553724,2
186.7,6.38,2020.0,16.0,4.0,128.0,4500.0,0,0,1,1,1,306.13365112444376,1
192.3,6.51,2020.0,8.0,4.0,64.0,5000.0,0,0,1,1,1,303.45967773553724,0
192.3,6.51,2020.0,8.0,4.0,64.0,5000.0,0,0,1,1,1,305.46674232296226,1
198.0,6.56,2020.0,16.0,12.0,256.0,4000.0,1,1,1,1,0,313.081086306358,3
197.0,6.56,2020.0,16.0,12.0,256.0,4500.0,1,1,1,1,0,281.03391879355047,3
190.2,6.38,2020.0,16.0,8.0,128.0,4500.0,0,0,1,1,1,313.081086306358,2
190.0,6.53,2020.0,8.0,8.0,128.0,4500.0,0,0,1,1,0,313.081086306358,1
190.0,6.53,2020.0,8.0,6.0,128.0,4500.0,0,1,1,1,0,308.087799177645,2
199.5,6.57,2020.0,16.0,8.0,256.0,5000.0,1,1,1,1,0,303.45967773553724,3
176.0,6.44,2020.0,32.0,8.0,256.0,4500.0,0,0,1,1,1,303.45967773553724,3
204.1,6.53,2020.0,16.0,8.0,128.0,5000.0,0,0,1,1,1,303.45967773553724,1
192.2,6.56,2020.0,32.0,12.0,256.0,4350.0,1,1,1,1,0,303.45967773553724,3
181.5,6.56,2020.0,32.0,8.0,256.0,4315.0,1,1,1,1,0,303.45967773553724,3
174.5,6.56,2020.0,32.0,8.0,256.0,4200.0,1,1,1,1,0,303.45967773553724,3
173.0,6.56,2020.0,32.0,8.0,256.0,4200.0,1,0,1,1,0,303.45967773553724,3
190.0,6.53,2020.0,16.0,8.0,256.0,4500.0,0,1,1,1,0,308.087799177645,2
195.0,6.57,2020.0,16.0,12.0,256.0,4500.0,1,1,1,1,0,308.087799177645,2
190.2,6.38,2020.0,16.0,8.0,128.0,4500.0,1,0,1,1,1,305.46674232296226,3
197.0,6.47,2020.0,8.0,8.0,128.0,5000.0,0,0,0,1,1,306.13365112444376,1
198.1,6.57,2020.0,16.0,12.0,256.0,4500.0,1,1,1,1,0,303.45967773553724,3
197.0,6.53,2020.0,16.0,8.0,128.0,5000.0,0,0,1,1,1,303.45967773553724,3
219.5,6.89,2020.0,16.0,12.0,256.0,4500.0,1,1,1,1,0,281.03391879355047,3
176.0,6.44,2020.0,32.0,8.0,256.0,4500.0,0,0,1,1,1,281.03391879355047,2
201.0,6.57,2020.0,16.0,8.0,128.0,5000.0,0,1,1,1,1,303.45967773553724,3
214.5,6.44,2020.0,16.0,12.0,256.0,4400.0,1,1,1,1,0,303.45967773553724,3
198.5,6.44,2019.0,32.0,8.0,256.0,4350.0,1,1,1,1,0,303.45967773553724,3
196.5,6.44,2019.0,32.0,8.0,256.0,4350.0,1,1,1,1,0,303.45967773553724,3
176.0,6.44,2019.0,32.0,8.0,256.0,4500.0,0,0,1,1,1,313.081086306358,3
198.5,6.38,2019.0,16.0,12.0,128.0,4500.0,0,0,1,1,0,313.081086306358,3
186.7,6.38,2019.0,32.0,8.0,128.0,4500.0,0,0,1,1,1,305.46674232296226,2
193.0,6.53,2019.0,16.0,8.0,128.0,5000.0,0,0,1,1,1,306.13365112444376,2
186.7,6.38,2019.0,32.0,8.0,128.0,4500.0,1,0,1,1,1,306.13365112444376,3
186.7,6.38,2019.0,32.0,8.0,128.0,4500.0,0,0,1,1,1,308.087799177645,0
188.0,6.44,2019.0,32.0,8.0,256.0,4100.0,0,0,1,1,0,303.45967773553724,3
193.0,6.53,2019.0,16.0,6.0,64.0,5000.0,0,0,1,1,1,306.13365112444376,0
191.5,6.35,2019.0,8.0,3.0,64.0,5000.0,0,0,0,1,1,281.03391879355047,0
193.0,6.53,2019.0,16.0,6.0,128.0,5000.0,0,0,1,1,1,313.081086306358,1
193.0,6.53,2019.0,16.0,8.0,128.0,5000.0,0,0,1,1,1,306.13365112444376,2
198.5,6.38,2019.0,16.0,8.0,256.0,4500.0,0,0,1,1,0,281.03391879355047,2
190.5,6.35,2019.0,8.0,3.0,32.0,5000.0,0,0,0,1,1,303.45967773553724,0
190.5,6.35,2019.0,8.0,4.0,64.0,5000.0,0,0,1,1,1,305.46674232296226,0
190.0,6.35,2019.0,8.0,4.0,64.0,5000.0,0,0,1,1,1,308.087799177645,1
190.5,6.35,2019.0,16.0,6.0,128.0,5000.0,0,0,1,1,1,313.081086306358,1
218.5,6.89,2019.0,16.0,12.0,256.0,4500.0,0,1,1,1,0,303.45967773553724,3
217.3,6.89,2019.0,16.0,8.0,128.0,4500.0,0,0,1,1,0,305.46674232296226,3
189.6,6.38,2019.0,32.0,8.0,128.0,4500.0,0,0,1,1,0,305.46674232296226,2
217.0,6.41,2019.0,12.0,12.0,256.0,4500.0,1,1,1,1,0,305.46674232296226,3
215.0,6.41,2019.0,12.0,12.0,128.0,4500.0,1,0,1,1,0,281.03391879355047,3
163.5,6.22,2019.0,8.0,2.0,32.0,4030.0,0,0,0,1,1,281.03391879355047,0
179.0,6.38,2019.0,32.0,6.0,128.0,4500.0,1,0,1,1,1,303.45967773553724,2
187.0,6.38,2019.0,32.0,8.0,256.0,4500.0,0,0,1,1,1,303.45967773553724,2
179.0,6.38,2019.0,32.0,6.0,256.0,4500.0,0,0,1,1,1,313.081086306358,2
201.0,6.53,2019.0,32.0,6.0,128.0,5000.0,0,0,1,1,1,313.081086306358,1
198.5,6.38,2019.0,12.0,8.0,128.0,4500.0,0,0,1,1,0,305.46674232296226,2
204.1,6.53,2019.0,16.0,8.0,128.0,5000.0,0,0,1,1,1,303.45967773553724,1
185.0,6.39,2019.0,32.0,8.0,256.0,3700.0,0,0,1,1,1,308.087799177645,3
150.0,6.26,2019.0,16.0,6.0,64.0,3260.0,0,0,0,1,1,313.081086306358,1
190.5,6.35,2019.0,20.0,4.0,128.0,5000.0,0,0,0,1,1,308.087799177645,2
190.5,6.35,2019.0,16.0,4.0,64.0,5000.0,0,0,0,1,1,308.087799177645,0
190.5,6.35,2019.0,8.0,4.0,64.0,5000.0,0,0,0,1,1,308.087799177645,0
200.0,6.7,2019.0,32.0,8.0,256.0,4000.0,1,0,1,1,0,308.087799177645,3
189.5,6.53,2019.0,25.0,6.0,128.0,3940.0,0,0,1,1,1,305.46674232296226,2
188.0,6.39,2019.0,16.0,8.0,256.0,4000.0,1,0,1,1,1,306.13365112444376,3
189.5,6.53,2019.0,32.0,6.0,128.0,4000.0,0,0,1,1,1,303.45967773553724,3
196.0,6.41,2019.0,12.0,12.0,256.0,4000.0,1,0,1,1,0,281.03391879355047,3
185.0,6.39,2019.0,32.0,8.0,128.0,3700.0,1,0,1,1,1,303.45967773553724,3
149.3,6.26,2019.0,16.0,4.0,64.0,3260.0,0,0,0,1,1,303.45967773553724,2
165.0,6.2,2018.0,8.0,4.0,128.0,4030.0,0,0,0,1,1,305.46674232296226,2
149.0,6.26,2018.0,16.0,4.0,32.0,3260.0,0,0,0,1,1,308.087799177645,1
163.5,6.22,2018.0,20.0,4.0,64.0,4030.0,0,0,0,1,1,281.03391879355047,2
163.5,6.2,2018.0,8.0,2.0,16.0,4030.0,0,0,0,1,1,305.46674232296226,0
163.5,6.2,2018.0,8.0,4.0,64.0,4030.0,0,0,0,1,1,308.087799177645,1
163.5,6.22,2019.0,13.0,2.0,32.0,4030.0,0,0,0,1,1,313.081086306358,0
163.5,6.22,2019.0,8.0,3.0,64.0,4030.0,0,0,0,1,1,306.13365112444376,0
163.5,6.22,2018.0,8.0,3.0,32.0,4030.0,0,0,0,1,1,303.45967773553724,0
143.0,6.22,2018.0,13.0,2.0,16.0,3260.0,0,0,0,1,1,305.46674232296226,0
164.0,6.3,2018.0,12.0,6.0,128.0,3315.0,0,0,1,1,1,303.45967773553724,2
164.0,6.3,2018.0,24.0,6.0,128.0,3315.0,0,0,1,1,1,281.03391879355047,3
150.0,6.0,2018.0,8.0,2.0,16.0,3360.0,0,0,0,1,1,303.45967773553724,0
164.0,6.3,2018.0,25.0,6.0,128.0,3315.0,0,0,1,1,1,281.03391879355047,2
162.0,6.3,2018.0,16.0,4.0,128.0,3315.0,0,0,1,1,1,281.03391879355047,2
160.5,6.41,2018.0,12.0,8.0,128.0,3400.0,0,0,1,1,0,281.03391879355047,3
156.0,6.41,2018.0,25.0,6.0,128.0,3400.0,0,0,1,1,1,281.03391879355047,2
152.0,6.22,2018.0,8.0,4.0,64.0,3260.0,0,0,0,1,1,305.46674232296226,1
149.3,6.26,2018.0,16.0,8.0,128.0,3260.0,0,0,1,1,1,308.087799177645,1
150.0,6.3,2018.0,12.0,6.0,64.0,3260.0,0,0,1,1,1,305.46674232296226,3
199.0,6.59,2018.0,8.0,8.0,256.0,4000.0,0,0,1,1,0,281.03391879355047,3
199.0,6.59,2018.0,8.0,6.0,128.0,4000.0,0,0,1,1,0,305.46674232296226,3
149.3,6.26,2018.0,12.0,6.0,128.0,3260.0,0,0,1,1,1,308.087799177645,1
150.0,6.22,2018.0,13.0,4.0,64.0,3260.0,0,0,0,1,1,313.081086306358,2
146.5,6.22,2018.0,13.0,4.0,32.0,3260.0,0,0,0,1,1,308.087799177645,1
159.0,6.28,2018.0,24.0,6.0,128.0,3425.0,0,0,1,1,1,303.45967773553724,3
137.0,5.0,2018.0,8.0,2.0,16.0,2500.0,0,0,0,1,1,313.081086306358,0
150.0,6.0,2018.0,13.0,4.0,32.0,3360.0,0,0,0,1,1,313.081086306358,1
150.0,6.3,2018.0,16.0,4.0,64.0,3260.0,0,0,0,1,1,281.03391879355047,2
150.0,6.3,2018.0,24.0,4.0,64.0,3260.0,0,0,1,1,1,313.081086306358,3
156.2,6.28,2018.0,12.0,6.0,128.0,3200.0,0,0,1,1,1,306.13365112444376,3
156.2,6.28,2018.0,12.0,6.0,128.0,3200.0,0,0,1,1,1,281.03391879355047,3
139.0,5.7,2017.0,16.0,4.0,32.0,3000.0,0,0,0,1,1,305.46674232296226,2
181.5,6.43,2018.0,12.0,4.0,128.0,3900.0,0,0,1,1,1,303.45967773553724,3
181.5,6.43,2017.0,12.0,4.0,64.0,3900.0,0,0,1,1,1,306.13365112444376,3
159.0,6.01,2017.0,12.0,4.0,64.0,3250.0,0,0,1,1,1,303.45967773553724,3
160.0,5.99,2017.0,16.0,4.0,64.0,3225.0,0,0,0,1,1,305.46674232296226,3
157.0,5.5,2017.0,13.0,3.0,16.0,3000.0,0,0,0,1,1,305.46674232296226,1
162.8,5.5,2017.0,13.0,3.0,32.0,3000.0,0,0,1,1,1,306.13365112444376,1
137.0,5.0,2017.0,8.0,2.0,16.0,2500.0,0,0,0,1,1,306.13365112444376,0
183.2,5.85,2017.0,16.0,4.0,64.0,4015.0,0,0,1,1,0,305.46674232296226,3
154.0,5.5,2017.0,16.0,4.0,64.0,3320.0,0,0,1,1,0,306.13365112444376,3
154.0,5.5,2017.0,13.0,4.0,64.0,3000.0,0,0,0,1,1,306.13365112444376,2
142.0,5.2,2016.0,8.0,2.0,16.0,2650.0,0,0,0,1,1,305.46674232296226,0
142.0,5.2,2017.0,13.0,3.0,16.0,2730.0,0,0,0,1,1,281.03391879355047,1
155.0,5.5,2017.0,13.0,3.0,32.0,3000.0,0,0,0,1,1,303.45967773553724,1
158.6,5.5,2017.0,16.0,4.0,64.0,3160.0,0,0,1,1,0,308.087799177645,3
154.0,5.5,2016.0,13.0,4.0,32.0,3000.0,0,0,0,1,1,303.45967773553724,2
178.0,5.46,2016.0,16.0,6.0,128.0,4080.0,1,0,1,1,0,303.45967773553724,3
199.0,5.88,2016.0,16.0,6.0,64.0,4000.0,0,0,1,1,0,281.03391879355047,3
154.0,5.5,2016.0,16.0,4.0,128.0,3050.0,0,0,1,1,0,313.081086306358,3
154.0,5.5,2016.0,13.0,4.0,32.0,3000.0,0,0,0,1,1,306.13365112444376,2
183.5,5.7,2016.0,16.0,4.0,64.0,4000.0,0,0,0,1,1,306.13365112444376,3
151.0,5.2,2016.0,13.0,4.0,64.0,3000.0,0,0,0,1,1,308.087799177645,3
168.0,5.5,2016.0,13.0,4.0,32.0,3000.0,0,0,0,1,1,308.087799177645,3
138.0,5.0,2016.0,13.0,3.0,32.0,2550.0,0,0,0,1,1,305.46674232296226,2
172.5,5.7,2016.0,16.0,4.0,64.0,3000.0,0,0,0,1,1,303.45967773553724,3
140.5,5.2,2016.0,13.0,4.0,64.0,2400.0,0,0,0,1,1,306.13365112444376,3
167.8,5.43,2016.0,16.0,6.0,128.0,3600.0,1,0,1,1,0,303.45967773553724,3
167.8,5.43,2016.0,16.0,4.0,128.0,3600.0,1,0,1,1,0,303.45967773553724,3
157.0,5.0,2015.0,8.0,2.0,16.0,2350.0,0,0,0,1,1,313.081086306358,0
137.0,4.7,2015.0,8.0,1.0,8.0,2100.0,0,0,0,1,1,306.13365112444376,0
153.0,5.0,2015.0,13.0,2.0,16.0,2300.0,0,0,0,1,1,303.45967773553724,0
194.0,5.5,2015.0,13.0,3.0,32.0,4150.0,0,0,1,1,1,303.45967773553724,3
151.0,5.2,2015.0,13.0,2.0,16.0,2450.0,0,0,0,1,1,303.45967773553724,3
156.0,5.5,2014.0,13.0,2.0,16.0,2300.0,0,0,1,1,1,281.03391879355047,3
150.0,5.0,2014.0,13.0,1.0,16.0,2000.0,0,0,1,1,0,303.45967773553724,0
156.0,4.7,2014.0,8.0,1.0,8.0,2100.0,0,0,0,1,1,303.45967773553724,0
190.0,5.99,2020.0,8.0,2.0,32.0,3000.0,0,0,0,1,1,218.5266234973704,0
174.0,6.52,2020.0,5.0,2.0,64.0,4000.0,0,0,0,1,1,212.47551033057854,0
160.0,5.0,2020.0,5.0,1.0,16.0,2200.0,0,0,0,1,1,207.75329680546727,0
160.1,6.09,2020.0,5.0,2.0,32.0,4000.0,0,0,0,1,1,212.01607153925622,0
177.7,5.45,2020.0,5.0,1.0,16.0,2500.0,0,0,0,1,1,207.75329680546727,0
175.0,5.45,2019.0,5.0,1.0,8.0,2200.0,0,0,0,1,1,209.49503117139778,0
150.0,5.45,2019.0,13.0,2.0,16.0,2900.0,0,0,0,1,1,207.75329680546727,0
172.0,5.45,2019.0,5.0,1.0,16.0,2500.0,0,0,0,1,1,212.47551033057854,0
185.0,5.99,2019.0,5.0,2.0,16.0,4000.0,0,0,0,1,1,212.4660715392562,0
184.0,6.3,2019.0,16.0,6.0,128.0,4000.0,1,0,1,1,1,212.47551033057854,2
178.0,6.26,2019.0,8.0,3.0,64.0,4000.0,0,0,0,1,1,218.5266234973704,1
164.0,6.0,2018.0,16.0,4.0,64.0,3000.0,1,0,0,1,1,209.49503117139778,3
153.0,6.0,2018.0,13.0,3.0,32.0,3000.0,1,0,0,1,1,212.01607153925622,1
162.0,5.7,2017.0,16.0,4.0,64.0,3000.0,0,0,0,1,1,209.49503117139778,1
160.0,5.7,2017.0,13.0,3.0,32.0,2900.0,0,0,0,1,1,218.5266234973704,1
141.0,4.5,2014.0,5.0,1.0,4.0,2000.0,0,0,0,1,1,212.47551033057854,0
175.0,5.0,2014.0,8.0,1.0,8.0,2500.0,0,0,0,1,1,218.5266234973704,1
143.0,5.0,2014.0,16.0,2.0,16.0,2350.0,0,0,1,1,0,207.75329680546727,3
124.0,4.7,2014.0,8.0,1.0,8.0,2000.0,0,0,1,1,1,207.75329680546727,1
119.0,4.7,2014.0,8.0,1.0,4.0,2000.0,0,0,0,1,1,212.4660715392562,1
154.0,5.0,2014.0,16.0,2.0,32.0,2350.0,0,0,0,1,0,212.47551033057854,3
180.0,6.52,2020.0,16.0,4.0,64.0,4000.0,1,0,1,1,1,266.9185716942149,1
157.9,5.5,2017.0,13.0,2.0,32.0,3000.0,0,0,0,1,1,266.9185716942149,0
190.0,6.51,2021.0,16.0,6.0,64.0,5000.0,0,0,0,1,1,171.4473695497293,0
190.0,6.51,2021.0,16.0,4.0,64.0,5000.0,0,0,0,1,1,171.4473695497293,0
190.0,6.51,2021.0,8.0,2.0,32.0,5000.0,0,0,0,1,1,177.90273025711664,0
160.0,5.45,2020.0,8.0,2.0,16.0,3100.0,0,0,0,1,1,174.61377560507677,0
150.0,5.71,2020.0,5.0,2.0,32.0,3200.0,0,0,0,1,1,177.90273025711664,0
120.0,4.0,2019.0,2.0,1.0,8.0,2250.0,0,0,0,1,1,163.17496111945906,0
136.0,5.0,2018.0,5.0,1.0,16.0,2500.0,0,0,0,1,1,177.90273025711664,0
139.0,5.45,2018.0,8.0,2.0,16.0,3000.0,0,0,1,1,1,177.90273025711664,0
147.0,5.7,2018.0,13.0,2.0,16.0,3000.0,0,0,1,1,1,171.4473695497293,0
147.0,5.7,2018.0,13.0,3.0,32.0,3000.0,0,0,1,1,1,174.61377560507677,0
140.0,4.5,2018.0,5.0,1.0,8.0,2000.0,0,0,0,1,1,163.17496111945906,0
159.0,5.2,2017.0,8.0,3.0,32.0,2750.0,0,0,1,1,1,164.65828581267218,0
136.8,5.0,2017.0,8.0,3.0,16.0,2500.0,0,0,1,1,1,163.17496111945906,0
149.0,5.0,2017.0,5.0,1.0,16.0,2500.0,0,0,0,1,1,171.4473695497293,0
160.0,5.0,2017.0,8.0,2.0,16.0,2350.0,0,0,0,1,1,164.45076506265,0
141.0,4.0,2017.0,5.0,1.0,8.0,1500.0,0,0,0,1,1,164.65828581267218,0
140.0,4.5,2017.0,5.0,1.0,8.0,2000.0,0,0,0,1,1,174.61377560507677,0
163.0,5.5,2017.0,13.0,4.0,32.0,3020.0,0,0,0,1,1,164.65828581267218,2
148.0,5.0,2017.0,8.0,3.0,16.0,2620.0,0,0,0,1,1,163.17496111945906,1
153.2,5.5,2016.0,13.0,3.0,16.0,3000.0,0,0,0,1,1,163.17496111945906,1
142.0,5.0,2016.0,8.0,2.0,8.0,2500.0,0,0,0,1,1,163.17496111945906,0
133.0,5.0,2015.0,13.0,3.0,16.0,2900.0,0,0,0,1,1,163.17496111945906,1
128.0,5.0,2015.0,13.0,2.0,16.0,2500.0,0,0,0,1,1,163.17496111945906,0
135.0,5.5,2015.0,8.0,2.0,32.0,2560.0,0,0,0,1,1,164.65828581267218,1
152.0,5.0,2015.0,8.0,1.0,8.0,2200.0,0,0,0,1,1,177.90273025711664,0
160.0,5.0,2015.0,8.0,2.0,16.0,2500.0,0,0,0,1,1,164.65828581267218,0
174.0,5.0,2014.0,10.0,1.0,8.0,4000.0,0,0,0,1,1,163.17496111945906,0
160.0,5.0,2014.0,8.0,1.0,8.0,3000.0,0,0,0,1,1,163.17496111945906,0
134.0,5.0,2014.0,8.0,1.0,8.0,2100.0,0,0,0,1,1,174.61377560507677,0
116.0,4.7,2014.0,13.0,1.0,16.0,2000.0,0,0,0,1,1,177.90273025711664,1
138.0,4.5,2014.0,8.0,1.0,8.0,2100.0,0,0,0,1,1,174.61377560507677,0
177.0,5.5,2014.0,8.0,1.0,4.0,2600.0,0,0,0,1,1,164.65828581267218,1
112.0,4.7,2014.0,8.0,1.0,4.0,2000.0,0,0,0,1,1,163.17496111945906,1
114.0,4.7,2014.0,8.0,1.0,4.0,2000.0,0,0,0,1,1,164.45076506265,1
140.0,5.0,2013.0,8.0,1.0,4.0,2000.0,0,0,0,1,1,163.17496111945906,1
128.0,4.5,2014.0,8.0,1.0,4.0,1840.0,0,0,0,1,1,249.43214307851244,0
135.0,5.0,2014.0,13.0,2.0,16.0,2520.0,1,0,0,1,1,247.63214307851243,0
119.0,4.5,2013.0,13.0,1.0,4.0,2100.0,0,0,0,1,1,238.63214307851243,1
135.0,4.5,2013.0,8.0,1.0,4.0,2000.0,0,0,0,1,1,236.89120899554993,1
219.0,6.6,2020.0,20.0,12.0,256.0,4500.0,1,1,1,1,0,269.78061230814643,3
199.0,6.6,2020.0,20.0,8.0,256.0,4500.0,1,1,1,1,0,282.72964292355374,3
183.0,6.5,2019.0,16.0,8.0,256.0,4500.0,0,0,1,1,0,280.183714338843,2
184.0,6.5,2019.0,8.0,3.0,32.0,4000.0,0,0,0,1,0,285.2091837367178,1
166.0,6.2,2019.0,20.0,8.0,256.0,3600.0,1,0,1,1,0,282.72964292355374,3
165.0,6.2,2019.0,16.0,6.0,128.0,4000.0,0,0,1,1,0,282.72964292355374,2
165.0,6.2,2019.0,20.0,8.0,256.0,3600.0,1,0,1,1,0,285.2091837367178,3
170.0,6.2,2019.0,20.0,6.0,128.0,4000.0,0,0,1,1,0,283.2905844759579,1
150.0,5.45,2018.0,13.0,3.0,32.0,3000.0,0,0,0,1,1,280.183714338843,0
150.0,5.45,2018.0,13.0,2.0,16.0,3000.0,0,0,0,1,1,282.72964292355374,0
168.0,6.0,2018.0,8.0,4.0,64.0,3600.0,0,0,1,1,0,283.2905844759579,1
160.0,6.2,2018.0,20.0,6.0,128.0,3210.0,0,0,1,1,0,285.2091837367178,1
159.0,5.7,2018.0,5.0,4.0,64.0,3100.0,0,0,1,1,1,280.183714338843,1
145.0,5.7,2018.0,13.0,3.0,32.0,3200.0,0,0,0,1,1,280.183714338843,0
154.0,6.0,2018.0,20.0,6.0,128.0,3100.0,0,0,1,1,0,276.72346945100355,3
152.0,6.0,2018.0,20.0,8.0,128.0,3010.0,0,0,1,1,0,280.183714338843,3
182.0,6.5,2018.0,20.0,8.0,256.0,3570.0,0,0,1,1,0,285.2091837367178,3
145.0,5.7,2018.0,8.0,4.0,64.0,3300.0,0,0,1,1,1,285.2091837367178,0
140.0,5.45,2018.0,13.0,2.0,32.0,3070.0,0,0,0,1,1,280.183714338843,1
177.0,5.95,2018.0,20.0,6.0,128.0,3500.0,0,0,1,1,0,269.78061230814643,3
152.0,5.46,2018.0,20.0,4.0,128.0,3000.0,0,0,1,1,0,283.2905844759579,3
145.0,5.46,2018.0,12.0,4.0,64.0,3000.0,0,0,0,1,1,269.78061230814643,2
160.0,5.99,2018.0,8.0,6.0,128.0,3360.0,0,0,1,1,1,276.72346945100355,2
160.0,5.7,2018.0,16.0,3.0,64.0,3000.0,0,0,1,1,1,283.2905844759579,1
143.0,5.2,2017.0,13.0,3.0,32.0,3070.0,0,0,1,1,1,285.2091837367178,0
173.0,5.5,2017.0,16.0,4.0,64.0,4000.0,0,0,1,1,1,269.78061230814643,1
170.0,5.7,2017.0,12.0,6.0,128.0,3500.0,0,0,1,1,0,280.183714338843,3
163.0,5.2,2017.0,12.0,4.0,128.0,3000.0,0,0,1,1,0,276.72346945100355,3
135.0,5.0,2017.0,8.0,2.0,16.0,3000.0,0,0,1,1,1,285.2091837367178,1
155.0,5.5,2017.0,13.0,4.0,64.0,3400.0,0,0,1,1,1,280.183714338843,2
143.0,5.2,2017.0,13.0,3.0,32.0,3000.0,0,0,1,1,1,282.72964292355374,0
175.0,5.5,2016.0,13.0,4.0,64.0,4000.0,0,0,1,1,1,276.72346945100355,1
158.0,5.7,2016.0,12.0,4.0,128.0,3400.0,1,0,1,1,0,269.78061230814643,3
149.0,5.5,2016.0,16.0,3.0,32.0,3150.0,0,0,1,1,0,282.72964292355374,1
139.0,5.0,2016.0,13.0,3.0,32.0,2760.0,0,0,0,1,0,282.72964292355374,1
158.0,5.5,2016.0,13.0,3.0,32.0,3260.0,0,0,1,1,1,280.183714338843,1
163.0,5.2,2016.0,12.0,4.0,64.0,3060.0,1,0,1,1,0,276.72346945100355,3
138.0,5.2,2016.0,13.0,3.0,32.0,3070.0,0,0,1,1,1,280.183714338843,0
189.0,6.0,2016.0,13.0,3.0,64.0,4100.0,0,0,1,1,1,282.72964292355374,2
172.0,5.5,2016.0,13.0,3.0,32.0,3100.0,0,0,1,1,1,269.78061230814643,2
155.0,5.5,2016.0,12.0,4.0,32.0,3060.0,0,0,1,1,0,283.2905844759579,3
138.0,5.0,2016.0,13.0,3.0,32.0,3020.0,0,0,1,1,1,276.72346945100355,0
132.0,5.0,2016.0,13.0,3.0,32.0,2870.0,0,0,1,1,1,269.78061230814643,0
160.0,5.2,2016.0,21.0,4.0,64.0,2560.0,1,0,1,1,0,280.183714338843,3
163.0,5.5,2016.0,13.0,3.0,32.0,4100.0,0,0,1,1,1,283.2905844759579,1
162.0,5.5,2015.0,13.0,2.0,32.0,3140.0,0,0,1,1,1,282.72964292355374,1
168.0,5.7,2015.0,21.0,4.0,64.0,3050.0,1,0,1,1,1,276.72346945100355,3
131.0,5.0,2015.0,13.0,2.0,16.0,2500.0,0,0,1,1,1,280.183714338843,0
149.0,5.5,2015.0,20.7,3.0,64.0,3150.0,0,0,1,1,0,280.183714338843,2
149.0,5.5,2015.0,13.0,2.0,32.0,3100.0,0,0,1,1,1,285.2091837367178,1
128.0,5.0,2015.0,13.0,1.0,8.0,2500.0,0,0,1,1,1,276.72346945100355,0
145.0,5.5,2014.0,13.0,2.0,32.0,3140.0,0,0,1,1,0,269.78061230814643,0
158.0,5.5,2014.0,20.7,3.0,64.0,3350.0,1,0,1,1,0,282.72964292355374,3
147.0,5.36,2014.0,20.7,2.0,64.0,3100.0,0,0,1,1,0,280.183714338843,3
143.0,5.1,2013.0,8.0,2.0,128.0,2400.0,1,0,1,1,0,280.183714338843,3
150.0,5.0,2015.0,8.0,1.0,8.0,2000.0,0,0,0,1,1,259.33214307851244,0
150.0,5.0,2014.0,13.0,1.0,8.0,2000.0,0,0,0,1,1,249.43214307851244,1
147.7,4.5,2013.0,5.0,1.0,4.0,2000.0,0,0,0,1,1,245.42755121015352,1
147.0,4.5,2013.0,8.0,1.0,4.0,1700.0,0,0,0,1,1,259.33214307851244,1
168.0,5.0,2013.0,13.0,1.0,4.0,2000.0,0,0,0,1,1,249.43214307851244,2
165.0,5.0,2013.0,13.0,1.0,4.0,1900.0,0,0,0,1,1,245.42755121015352,2
150.5,4.5,2013.0,8.0,1.0,4.0,1700.0,0,0,0,1,1,245.42755121015352,2
190.0,6.5,2021.0,8.0,2.0,32.0,5000.0,0,0,1,1,1,227.8738518092473,0
176.0,6.4,2021.0,16.0,8.0,128.0,4310.0,0,1,1,1,0,222.62096629413975,1
208.0,6.5,2020.0,8.0,4.0,64.0,6000.0,0,0,1,1,1,225.9683925511092,2
195.0,6.5,2020.0,16.0,8.0,128.0,5000.0,1,1,1,1,1,222.62096629413975,3
209.0,6.5,2020.0,8.0,4.0,128.0,6000.0,0,0,0,1,1,224.18464334120426,0
175.0,6.4,2020.0,16.0,8.0,256.0,4300.0,0,1,1,1,0,222.62096629413975,2
194.0,6.5,2020.0,16.0,6.0,128.0,5000.0,0,1,1,1,1,221.01406292355372,2
189.5,6.5,2020.0,8.0,4.0,128.0,5000.0,0,1,1,1,0,227.8738518092473,0
196.5,6.5,2020.0,16.0,8.0,128.0,5000.0,1,0,1,1,1,226.2588699150597,2
191.0,6.5,2020.0,16.0,8.0,128.0,4500.0,0,0,1,1,1,227.8738518092473,1
208.0,6.5,2020.0,8.0,4.0,128.0,6000.0,0,0,1,1,1,222.62096629413975,2
195.0,6.5,2020.0,8.0,4.0,64.0,5000.0,0,0,0,1,1,227.8738518092473,0
188.0,6.5,2020.0,8.0,6.0,128.0,5000.0,0,0,1,1,1,224.18464334120426,1
188.0,6.5,2020.0,16.0,8.0,128.0,5000.0,0,0,1,1,1,221.01406292355372,2
182.0,6.4,2020.0,32.0,8.0,128.0,4500.0,1,0,1,1,1,227.8738518092473,3
196.5,6.5,2020.0,16.0,8.0,128.0,5000.0,1,0,1,1,1,222.62096629413975,2
184.0,6.55,2020.0,32.0,8.0,256.0,4500.0,1,1,1,1,0,224.18464334120426,3
175.0,6.4,2020.0,32.0,8.0,128.0,4300.0,0,1,1,1,0,226.2588699150597,2
189.5,6.5,2020.0,8.0,8.0,128.0,5000.0,0,1,1,1,1,222.62096629413975,0
209.0,6.5,2020.0,5.0,4.0,64.0,6000.0,0,0,0,1,1,222.62096629413975,1
194.0,6.5,2020.0,16.0,8.0,128.0,5000.0,0,1,1,1,1,222.62096629413975,1
209.0,6.5,2020.0,8.0,4.0,64.0,6000.0,0,0,0,1,1,224.18464334120426,1
191.0,6.5,2020.0,16.0,6.0,64.0,4300.0,0,0,1,1,1,222.62096629413975,1
196.0,6.5,2020.0,5.0,3.0,32.0,5000.0,0,0,0,1,1,227.8738518092473,0
195.0,6.5,2020.0,5.0,2.0,32.0,5000.0,0,0,0,1,1,222.62096629413975,0
191.0,6.5,2020.0,16.0,4.0,128.0,4300.0,0,0,1,1,1,224.18464334120426,1
191.0,6.5,2020.0,16.0,6.0,128.0,4300.0,0,0,1,1,1,222.62096629413975,1
199.0,6.5,2020.0,16.0,4.0,128.0,5000.0,0,0,0,1,1,224.18464334120426,2
195.0,6.5,2020.0,5.0,4.0,64.0,5000.0,0,0,0,1,1,224.18464334120426,1
199.0,6.5,2020.0,16.0,4.0,128.0,5000.0,1,0,0,1,1,226.2588699150597,1
191.0,6.5,2020.0,16.0,8.0,128.0,4300.0,1,0,1,1,1,222.62096629413975,2
195.0,6.5,2020.0,5.0,4.0,64.0,5000.0,0,0,0,1,1,226.2588699150597,1
195.0,6.5,2020.0,5.0,4.0,64.0,5000.0,0,0,0,1,1,222.62096629413975,0
195.0,6.52,2020.0,8.0,4.0,64.0,5000.0,0,0,1,1,1,226.2588699150597,3
198.0,6.5,2019.0,13.0,4.0,128.0,5000.0,0,0,1,1,1,224.18464334120426,2
166.0,6.1,2020.0,5.0,3.0,32.0,4000.0,0,0,0,1,1,226.2588699150597,0
166.0,6.1,2019.0,5.0,3.0,64.0,4000.0,0,0,0,1,1,225.9683925511092,0
199.0,6.5,2019.0,16.0,12.0,256.0,4000.0,1,0,1,1,0,225.9683925511092,3
182.0,6.4,2019.0,32.0,8.0,256.0,4000.0,1,0,1,1,1,221.01406292355372,2
183.0,6.4,2019.0,16.0,8.0,128.0,4000.0,0,0,1,1,1,226.2588699150597,2
184.0,6.3,2019.0,16.0,8.0,128.0,4035.0,0,0,1,1,1,222.62096629413975,0
184.0,6.3,2019.0,16.0,8.0,128.0,4035.0,0,0,1,1,1,225.9683925511092,1
198.0,6.5,2019.0,13.0,4.0,128.0,5000.0,0,0,1,1,1,222.62096629413975,1
175.0,6.2,2019.0,13.0,4.0,64.0,4230.0,0,0,0,1,1,222.62096629413975,0
191.0,6.53,2019.0,16.0,8.0,256.0,3765.0,0,0,1,1,0,227.8738518092473,3
172.0,6.3,2019.0,25.0,6.0,128.0,4045.0,0,0,1,1,1,221.01406292355372,1
166.0,6.1,2019.0,5.0,3.0,32.0,4000.0,0,0,0,1,1,222.62096629413975,0
175.0,6.22,2019.0,13.0,4.0,64.0,4230.0,0,0,0,1,1,224.18464334120426,0
168.0,6.2,2019.0,5.0,3.0,32.0,4230.0,0,0,0,1,1,225.9683925511092,0
168.0,6.3,2018.0,25.0,4.0,64.0,3500.0,0,0,0,1,1,222.62096629413975,0
174.0,6.3,2018.0,16.0,8.0,128.0,3500.0,0,0,1,1,1,222.62096629413975,1
168.0,6.2,2018.0,5.0,2.0,16.0,4230.0,0,0,0,1,1,222.62096629413975,0
168.0,6.2,2018.0,8.0,4.0,64.0,4230.0,0,0,0,1,1,226.2588699150597,0
155.0,6.0,2018.0,13.0,6.0,128.0,3410.0,0,0,0,1,1,225.9683925511092,0
149.0,5.0,2014.0,8.0,2.0,16.0,2500.0,0,0,0,1,1,249.43214307851244,0
147.0,5.0,2014.0,5.0,1.0,8.0,2000.0,0,0,0,1,1,240.21428591862684,0
130.0,4.5,2014.0,8.0,1.0,16.0,2000.0,0,0,0,1,1,251.23214307851242,0
177.0,5.0,2013.0,12.0,1.0,4.0,2100.0,0,0,0,1,1,242.23214307851242,1
243.0,5.0,2018.0,13.0,4.0,64.0,3240.0,1,0,1,1,1,269.1623379038317,3
200.0,4.5,2014.0,8.0,2.0,16.0,3100.0,1,0,1,1,1,283.7321430785124,3
187.1,4.5,2014.0,8.0,2.0,16.0,3100.0,1,0,0,1,1,283.7321430785124,3
168.5,4.0,2013.0,5.0,1.0,4.0,2500.0,1,0,0,1,1,283.0168833583772,2
173.8,4.0,2013.0,8.0,1.0,16.0,1800.0,1,0,1,1,1,266.9185716942149,2
173.6,6.52,2020.0,8.0,4.0,128.0,4000.0,0,0,0,1,1,227.42344101688826,1
173.6,6.52,2020.0,8.0,4.0,128.0,4000.0,0,0,0,1,1,240.7554790228488,0
202.4,6.7,2020.0,16.0,6.0,128.0,4000.0,1,1,1,1,1,228.78026788481407,3
186.0,6.6,2020.0,28.0,4.0,128.0,4000.0,1,0,1,1,1,221.6837951206278,2
186.0,6.6,2020.0,13.0,4.0,64.0,4000.0,1,0,1,1,1,227.42344101688826,2
188.0,6.6,2020.0,13.0,4.0,64.0,4000.0,1,0,1,1,1,221.6837951206278,1
182.0,6.6,2020.0,8.0,3.0,64.0,4000.0,1,0,0,1,1,221.6837951206278,1
260.0,6.8,2020.0,32.0,8.0,256.0,4000.0,1,1,1,1,1,227.42344101688826,3
169.5,6.2,2020.0,5.0,3.0,64.0,3000.0,0,0,0,1,1,240.7554790228488,1
193.0,6.67,2020.0,32.0,6.0,128.0,4000.0,1,1,1,1,1,227.42344101688826,3
145.0,5.7,2020.0,5.0,3.0,32.0,3000.0,0,0,0,1,1,227.42344101688826,1
146.0,5.7,2020.0,5.0,2.0,32.0,3000.0,0,0,0,1,1,227.42344101688826,0
219.0,6.8,2020.0,13.0,3.0,64.0,4000.0,0,0,0,1,1,228.78026788481407,1
180.0,6.8,2020.0,16.0,6.0,128.0,4300.0,1,0,1,1,1,227.42344101688826,3
180.0,6.8,2020.0,16.0,8.0,128.0,4300.0,1,1,1,1,1,228.78026788481407,3
127.0,2.8,2020.0,2.0,1.0,8.0,1470.0,0,0,0,1,1,218.26296469830268,1
218.0,6.8,2020.0,10.0,8.0,128.0,5000.0,1,1,1,1,1,218.26296469830268,3
213.0,6.8,2020.0,10.0,8.0,256.0,5000.0,1,1,1,1,1,218.26296469830268,3
170.0,5.71,2020.0,8.0,3.0,32.0,3450.0,0,0,0,1,1,240.7554790228488,0
191.0,6.53,2020.0,16.0,4.0,128.0,4000.0,1,0,1,1,1,221.6837951206278,2
194.5,6.55,2020.0,13.0,3.0,64.0,4000.0,1,0,0,1,1,227.42344101688826,1
191.7,6.55,2020.0,8.0,3.0,32.0,4000.0,1,0,0,1,1,240.7554790228488,1
192.0,6.4,2019.0,32.0,8.0,256.0,4000.0,1,1,1,1,1,221.6837951206278,3
192.0,6.4,2019.0,32.0,6.0,128.0,4000.0,1,0,1,1,1,227.42344101688826,1
198.0,6.4,2019.0,16.0,4.0,64.0,4000.0,1,0,1,1,1,221.6837951206278,3
148.0,5.45,2019.0,8.0,2.0,16.0,3000.0,1,0,0,1,1,218.26296469830268,1
152.0,5.45,2019.0,8.0,1.0,16.0,3000.0,0,0,0,1,1,218.26296469830268,0
186.0,6.1,2019.0,13.0,3.0,32.0,3500.0,1,0,1,1,1,233.11026512311497,1
194.0,6.5,2019.0,13.0,3.0,32.0,4000.0,1,0,1,1,1,228.78026788481407,1
172.0,6.22,2019.0,16.0,4.0,64.0,4050.0,0,0,0,1,1,227.42344101688826,1
175.0,6.26,2019.0,16.0,4.0,64.0,4000.0,0,0,0,1,1,227.42344101688826,0
164.0,6.19,2019.0,8.0,3.0,32.0,4000.0,0,0,0,1,1,240.7554790228488,0
179.0,6.2,2019.0,13.0,3.0,32.0,3500.0,0,0,1,1,1,218.26296469830268,1
172.0,6.26,2019.0,13.0,3.0,64.0,3500.0,1,0,1,1,1,227.42344101688826,2
170.0,6.26,2019.0,13.0,3.0,32.0,3500.0,1,0,1,1,1,227.42344101688826,1
144.0,5.7,2019.0,16.0,3.0,32.0,3000.0,1,0,1,1,1,233.11026512311497,1
159.0,6.1,2019.0,16.0,4.0,64.0,3000.0,1,0,1,1,1,240.7554790228488,3
140.1,5.0,2019.0,8.0,2.0,16.0,2500.0,0,0,0,1,1,233.11026512311497,0
152.0,5.0,2018.0,8.0,2.0,16.0,2500.0,0,0,0,1,1,228.78026788481407,0
156.0,6.1,2018.0,16.0,4.0,64.0,3000.0,1,0,1,1,1,218.26296469830268,1
156.0,6.1,2018.0,16.0,4.0,64.0,3000.0,1,0,1,1,1,218.26296469830268,3
172.0,6.2,2018.0,16.0,4.0,64.0,3300.0,1,0,1,1,1,233.11026512311497,3
162.0,5.3,2018.0,13.0,3.0,32.0,3000.0,1,0,0,1,1,240.7554790228488,1
172.0,6.2,2018.0,13.0,2.0,32.0,3300.0,1,0,1,1,1,227.42344101688826,2
171.0,6.2,2018.0,13.0,4.0,64.0,3300.0,1,0,0,1,1,240.7554790228488,3
157.0,6.0,2018.0,8.0,6.0,128.0,3300.0,1,0,1,1,1,218.26296469830268,3
145.0,5.5,2018.0,13.0,4.0,64.0,3000.0,1,0,0,1,1,218.26296469830268,1
162.0,6.1,2018.0,8.0,6.0,128.0,3000.0,1,0,1,1,1,221.6837951206278,1
158.0,6.0,2018.0,5.0,6.0,256.0,3300.0,1,0,1,1,1,218.26296469830268,3
140.3,5.0,2018.0,8.0,2.0,16.0,2500.0,0,0,0,1,1,233.11026512311497,0
171.0,5.5,2018.0,13.0,2.0,16.0,4500.0,0,0,0,1,1,227.42344101688826,1
168.1,5.3,2018.0,13.0,2.0,32.0,2880.0,1,0,0,1,1,233.11026512311497,2
162.0,5.3,2018.0,13.0,3.0,32.0,3000.0,1,0,0,1,1,228.78026788481407,1
139.0,5.0,2018.0,13.0,2.0,16.0,2410.0,0,0,1,1,1,233.11026512311497,0
172.3,5.3,2018.0,13.0,2.0,32.0,3000.0,1,0,1,1,1,233.11026512311497,1
158.0,6.0,2017.0,5.0,4.0,128.0,3300.0,1,0,1,1,1,221.6837951206278,1
146.0,5.2,2017.0,5.0,4.0,32.0,3000.0,1,0,1,1,1,227.42344101688826,1
149.0,5.5,2017.0,13.0,4.0,64.0,3000.0,1,0,0,1,1,240.7554790228488,0
166.5,5.2,2017.0,16.0,2.0,32.0,4100.0,1,0,1,1,1,240.7554790228488,1
163.0,5.7,2017.0,5.0,4.0,128.0,3300.0,1,0,1,1,1,221.6837951206278,0
164.0,5.5,2017.0,13.0,2.0,32.0,4500.0,0,0,0,1,1,240.7554790228488,1
150.0,5.7,2017.0,13.0,2.0,32.0,3080.0,1,0,0,1,1,227.42344101688826,1
149.0,5.7,2016.0,13.0,3.0,16.0,3200.0,1,0,0,1,1,221.6837951206278,1
141.8,5.3,2017.0,8.0,1.5,16.0,2800.0,0,0,0,1,1,218.26296469830268,0
140.0,5.3,2016.0,13.0,2.0,32.0,2700.0,0,0,0,1,1,240.7554790228488,1
144.0,5.3,2016.0,13.0,2.0,16.0,2800.0,1,0,0,1,1,228.78026788481407,0
144.0,5.0,2016.0,13.0,1.5,16.0,2500.0,1,0,0,1,1,218.26296469830268,0
143.0,5.0,2017.0,8.0,2.0,16.0,2500.0,0,0,0,1,1,227.42344101688826,0
138.0,5.0,2016.0,5.0,1.0,8.0,2500.0,0,0,0,1,1,240.7554790228488,0
132.0,4.5,2016.0,5.0,1.0,8.0,2100.0,0,0,0,1,1,228.78026788481407,0
174.0,5.7,2016.0,5.0,4.0,64.0,3200.0,1,0,1,1,1,227.42344101688826,0
122.0,5.0,2016.0,8.0,1.5,16.0,2100.0,1,0,0,1,1,227.42344101688826,1
133.0,5.5,2016.0,13.0,2.0,16.0,2800.0,1,0,0,1,1,227.42344101688826,1
133.0,5.5,2016.0,13.0,1.5,16.0,2800.0,0,0,1,1,1,218.26296469830268,1
150.0,5.5,2016.0,12.3,3.0,32.0,3000.0,1,0,1,1,1,218.26296469830268,2
139.0,5.3,2016.0,13.0,2.0,16.0,4100.0,0,0,0,1,1,233.11026512311497,0
121.0,5.0,2016.0,8.0,1.5,16.0,2100.0,0,0,0,1,1,227.42344101688826,0
146.0,5.7,2016.0,13.0,3.0,32.0,2900.0,1,0,0,1,1,240.7554790228488,1
144.6,5.7,2016.0,13.0,2.0,16.0,3000.0,0,0,0,1,1,221.6837951206278,1
128.0,5.0,2016.0,5.0,1.0,8.0,1900.0,0,0,0,1,1,227.42344101688826,0
127.0,4.5,2016.0,5.0,1.0,8.0,1940.0,0,0,0,1,1,240.7554790228488,0
156.0,5.3,2016.0,8.0,3.0,32.0,2800.0,1,0,1,1,1,240.7554790228488,3
159.0,5.3,2016.0,8.0,4.0,32.0,2800.0,1,0,1,1,1,233.11026512311497,3
118.0,5.2,2016.0,8.0,2.0,16.0,2520.0,1,0,0,1,1,227.42344101688826,2
120.0,4.93,2016.0,13.0,2.0,16.0,2300.0,1,0,0,1,1,233.11026512311497,0
157.0,5.0,2016.0,8.0,1.5,16.0,2125.0,1,0,0,1,1,221.6837951206278,0
142.0,5.7,2016.0,13.0,2.0,16.0,3000.0,1,0,0,1,1,233.11026512311497,1
142.0,5.3,2016.0,13.0,2.0,16.0,2300.0,1,0,1,1,1,218.26296469830268,1
161.0,5.0,2016.0,5.0,1.5,16.0,2125.0,0,0,0,1,1,228.78026788481407,0
120.0,4.5,2016.0,5.0,1.0,8.0,1940.0,0,0,0,1,1,218.26296469830268,0
158.0,5.5,2015.0,13.0,1.0,16.0,3000.0,0,0,0,1,1,233.11026512311497,1
169.8,5.7,2015.0,13.0,2.0,16.0,3000.0,1,0,1,1,1,227.42344101688826,1
192.0,5.7,2015.0,16.0,4.0,64.0,3000.0,1,0,1,1,1,218.26296469830268,2
136.0,5.2,2015.0,12.3,2.0,32.0,2700.0,1,0,1,1,0,221.6837951206278,2
150.0,5.0,2015.0,13.0,2.0,16.0,2050.0,0,0,0,1,1,227.42344101688826,1
143.0,3.2,2015.0,3.15,1.0,4.0,1700.0,0,0,0,1,1,240.7554790228488,1
138.9,4.5,2015.0,5.0,1.0,8.0,1900.0,0,0,0,1,1,227.42344101688826,0
155.0,5.0,2015.0,8.0,1.0,8.0,2540.0,0,0,0,1,1,228.78026788481407,0
139.0,5.2,2015.0,8.0,1.5,8.0,2300.0,1,0,0,1,1,227.42344101688826,1
136.0,5.0,2015.0,8.0,1.0,8.0,2540.0,1,0,1,1,1,228.78026788481407,1
155.0,5.5,2015.0,16.0,3.0,32.0,3000.0,1,0,1,1,1,218.26296469830268,2
155.0,5.5,2015.0,16.0,3.0,32.0,3000.0,1,0,1,1,1,227.42344101688826,3
165.9,5.7,2015.0,8.0,2.0,16.0,3000.0,1,0,0,1,1,227.42344101688826,1
163.0,5.7,2015.0,13.0,2.0,16.0,3000.0,1,0,0,1,1,227.42344101688826,2
135.0,5.0,2015.0,8.0,1.5,16.0,2610.0,1,0,0,1,1,227.42344101688826,2
137.0,5.0,2015.0,8.0,1.0,8.0,2540.0,0,0,0,1,1,240.7554790228488,1
124.4,4.7,2015.0,8.0,1.0,8.0,2100.0,1,0,0,1,1,233.11026512311497,0
140.0,4.5,2015.0,5.0,1.0,8.0,1900.0,0,0,0,1,1,221.6837951206278,0
152.0,5.5,2015.0,13.0,3.0,32.0,3000.0,1,0,1,1,1,218.26296469830268,2
138.9,4.5,2014.0,5.0,1.0,4.0,2100.0,0,0,0,1,1,240.7554790228488,0
153.7,4.5,2014.0,8.0,1.0,4.0,1820.0,0,0,0,1,1,227.42344101688826,0
149.0,5.5,2014.0,13.0,3.0,32.0,3000.0,1,0,1,1,1,227.42344101688826,2
182.0,5.9,2014.0,13.0,2.0,32.0,3000.0,1,0,0,1,1,227.42344101688826,2
129.6,4.5,2014.0,5.0,1.0,8.0,2100.0,0,0,1,1,1,227.42344101688826,0
163.0,5.5,2014.0,13.0,1.0,8.0,3000.0,0,0,0,1,1,218.26296469830268,2
137.0,5.0,2014.0,8.0,1.0,8.0,2540.0,0,0,0,1,1,240.7554790228488,0
145.0,4.5,2014.0,8.0,1.0,4.0,1900.0,1,0,0,1,1,221.6837951206278,0
167.0,5.7,2014.0,8.0,1.5,8.0,3200.0,1,0,1,1,1,233.11026512311497,2
146.8,5.2,2014.0,13.0,2.0,32.0,2610.0,1,0,1,1,1,227.42344101688826,3
294.8,7.0,2014.0,5.0,1.0,16.0,4000.0,0,0,1,1,1,227.42344101688826,1
168.1,5.7,2014.0,8.0,1.5,8.0,3200.0,1,0,1,1,1,227.42344101688826,3
154.0,5.5,2014.0,13.0,3.0,32.0,3000.0,1,0,1,1,1,233.11026512311497,3
134.0,5.0,2014.0,8.0,1.0,8.0,2540.0,1,0,0,1,1,240.7554790228488,1
127.0,4.3,2014.0,5.0,1.0,4.0,2100.0,0,0,0,1,1,240.7554790228488,1
149.7,5.5,2014.0,13.0,3.0,32.0,3000.0,1,0,1,1,1,228.78026788481407,3
149.0,5.5,2014.0,13.0,3.0,32.0,3000.0,1,0,1,1,1,228.78026788481407,3
136.1,4.7,2014.0,8.0,1.0,8.0,3000.0,1,0,0,1,1,227.42344101688826,0
293.0,7.0,2014.0,3.15,1.0,8.0,4000.0,0,0,1,1,1,227.42344101688826,1
138.0,5.0,2014.0,8.0,1.0,8.0,2540.0,0,0,0,1,1,240.7554790228488,1
123.9,4.7,2014.0,5.0,1.0,8.0,2440.0,1,0,1,1,1,227.42344101688826,2
126.0,4.3,2014.0,5.0,1.0,4.0,2100.0,0,0,0,1,1,233.11026512311497,1
129.6,4.5,2014.0,5.0,1.0,8.0,2440.0,1,0,0,1,1,227.42344101688826,1
121.0,4.7,2014.0,13.0,1.0,8.0,2440.0,1,0,0,1,1,233.11026512311497,2
121.0,4.7,2014.0,8.0,1.0,8.0,2440.0,1,0,0,1,1,227.42344101688826,1
121.0,4.7,2014.0,8.0,1.0,8.0,2440.0,0,0,0,1,1,240.7554790228488,1
125.0,4.7,2014.0,5.0,1.0,8.0,2540.0,0,0,0,1,1,227.42344101688826,2
126.0,4.7,2014.0,5.0,1.0,8.0,2540.0,1,0,0,1,1,240.7554790228488,1
124.0,4.5,2014.0,5.0,1.0,4.0,2100.0,1,0,0,1,1,228.78026788481407,1
126.6,4.5,2014.0,5.0,1.0,4.0,2100.0,0,0,0,1,1,228.78026788481407,0
172.0,5.9,2014.0,13.0,3.0,32.0,3200.0,1,0,1,1,1,240.7554790228488,3
159.9,4.0,2014.0,5.0,1.0,4.0,2460.0,1,0,0,1,1,228.78026788481407,2
167.0,5.5,2013.0,13.0,2.0,32.0,3140.0,1,0,1,1,1,227.42344101688826,2
130.0,4.95,2013.0,8.0,2.0,32.0,2300.0,1,0,1,1,0,240.7554790228488,2
177.0,6.0,2013.0,13.0,2.0,32.0,3500.0,1,0,1,1,0,227.42344101688826,3
161.0,5.5,2013.0,8.0,1.0,8.0,3140.0,0,0,1,1,1,227.42344101688826,2
161.0,5.5,2013.0,8.0,1.0,8.0,3140.0,0,0,0,1,1,218.26296469830268,2
143.0,5.2,2013.0,13.0,2.0,32.0,3000.0,1,0,1,1,0,228.78026788481407,2
120.0,4.7,2013.0,8.0,1.0,8.0,2150.0,1,0,1,1,1,227.42344101688826,2
169.8,4.0,2013.0,5.0,1.0,8.0,2460.0,0,0,1,1,1,227.42344101688826,2
141.2,4.7,2013.0,13.0,2.0,16.0,2280.0,0,0,1,1,1,221.6837951206278,2
113.4,4.0,2013.0,5.0,1.0,4.0,2460.0,1,0,0,1,1,240.7554790228488,0
129.0,4.3,2013.0,5.0,1.0,8.0,2460.0,0,0,1,1,1,227.42344101688826,2
133.2,4.7,2013.0,8.0,1.0,8.0,2540.0,0,0,0,1,1,228.78026788481407,1
126.0,4.5,2013.0,5.0,1.0,8.0,2460.0,1,0,0,1,1,240.7554790228488,1
131.0,4.3,2013.0,5.0,1.0,8.0,2150.0,1,0,0,1,1,240.7554790228488,2
172.0,5.5,2013.0,13.0,2.0,32.0,3140.0,1,0,1,1,1,228.78026788481407,3
